qseqid	sseqid	pident	length	mismatch	gapopen	qstart	qend	sstart	send	evalue	bitscore	baseMean	log2FoldChange	padj
SRR11927437|k99_7623_10	GH2.ADY34049.1	68.6	1030	320	2	1	1028	1	1029	0.0e+00	1546.6	39.0844035961478	24.1269892834295	4.91352138374475e-21
SRR11927434|k99_11644_2	GH31.UVQ04253.1	73.7	1290	332	3	3	1288	2	1288	0.0e+00	2003.8	44.6152100973936	24.2701094018093	1.84437578963388e-20
SRR11927463|k99_21669_6	GH31.UVQ04253.1	73.7	1290	332	3	3	1288	2	1288	0.0e+00	2003.8	43.11320103314	24.1793487495221	2.13438465292092e-20
SRR11927434|k99_18171_6	GH2.ADY34049.1	69.0	1021	313	2	2	1020	10	1029	0.0e+00	1543.5	37.0464580402944	24.1647085409063	4.24528534935606e-20
SRR11927463|k99_3023_6	GH2.QUT69940.1	70.2	1121	326	4	2	1115	4	1123	0.0e+00	1666.7	40.3123924136048	24.2613696841744	9.42663999058427e-20
SRR11927437|k99_18342_2	WP_245820198.1	54.3	674	306	2	33	704	21	694	6.9e-220	763.1	19.854851256716	23.2531046575255	2.37454594574831e-18
SRR11927434|k99_24055_1	GH2.QUT69940.1	70.2	1121	326	4	2	1115	4	1123	0.0e+00	1666.7	41.7417811717633	24.3250461558776	4.8321348465663e-18
SRR11927437|k99_22_7	GH2.QUT69940.1	70.1	1121	327	4	2	1115	4	1123	0.0e+00	1661.7	38.2134563379905	24.1906826602719	5.59646827516274e-18
SRR11927463|k99_32243_4	GH2.QBE95754.1	42.4	1073	551	13	1	1054	1	1025	2.5e-258	891.3	13.9984218843655	22.6862067191018	2.18951225512211e-17
SRR11927434|k99_14596_14	GH2.CBL02867.1	64.4	1035	351	6	1	1026	1	1027	0.0e+00	1415.6	27.9817186446177	23.7886014453353	2.84252268633735e-17
SRR11927452|k99_941_2	GH2.UWF34674.1	66.3	1020	338	2	1	1015	1	1019	0.0e+00	1445.3	9.03171930340821	-21.7953024896636	4.64682088823644e-17
SRR11927463|k99_21232_6	GH2.ADY34049.1	68.8	1030	318	2	1	1028	1	1029	0.0e+00	1548.5	36.5505973637436	24.1582165259429	2.25198386115231e-16
SRR11927462|k99_3220_21	GH2.QBE95754.1	42.5	1073	550	13	1	1054	1	1025	3.3e-258	891.0	13.9883512358767	22.7335057387283	6.64136717341382e-16
SRR11927448|k99_7393_1	GH31.UVQ04253.1	74.1	1287	332	1	3	1288	2	1288	0.0e+00	2010.0	38.0587377191803	21.0040225019804	1.87838233509749e-15
SRR11927440|k99_10140_1	GH31.BCJ98925.1	83.4	673	111	1	1	673	1	672	0.0e+00	1229.9	12.3312310427685	22.5278964214167	2.25628776489396e-15
SRR11927449|k99_13342_48	GH31.UVQ04253.1	74.2	1287	331	1	3	1288	2	1288	0.0e+00	2010.7	38.424013298388	20.6318819585301	3.05290060255442e-15
SRR11927450|k99_5303_2	GH31.UVQ04253.1	74.0	1287	333	1	3	1288	2	1288	0.0e+00	2007.3	40.8601879835462	20.8106980111197	4.31762526323716e-15
SRR11927434|k99_3813_19	GH2.BCK00272.1	58.9	875	300	7	1	875	1	815	0.0e+00	1082.4	16.7297485767568	22.6916997875698	6.7762216613052e-15
SRR11927462|k99_10897_1	GH31.QCU03644.1	74.5	663	168	1	1	662	1	663	0.0e+00	1076.6	10.3770862022749	21.7663416760249	6.89539933185582e-15
SRR11927437|k99_18342_1	WP_010266002.1	75.6	704	169	3	1	702	1	703	0.0e+00	1095.9	14.7067965186655	22.854089375179	9.50856697009229e-15
SRR11927460|k99_3627_23	GH31.WAJ26076.1	81.8	833	152	0	1	833	1	833	0.0e+00	1472.2	24.4937972521504	-23.9507325176013	1.30997590870587e-14
SRR11927439|k99_13854_5	WP_202856239.1	45.6	375	195	6	27	400	40	406	1.2e-96	352.8	13.8433595439917	22.7627756373769	2.18516369977135e-14
SRR11927462|k99_11060_3	WP_069156396.1	76.9	849	196	0	1	849	1	849	0.0e+00	1405.2	14.3347194165488	22.3276752186147	9.67775104386922e-14
SRR11927449|k99_1691_14	GH2.ADY34049.1	68.9	1030	317	2	1	1028	1	1029	0.0e+00	1545.8	37.2471146506592	19.4824591092949	1.37104797173364e-13
SRR11927462|k99_3322_4	GH2.AHF23795.1	52.7	847	381	9	1	841	1	833	7.1e-264	909.4	14.4967613095654	22.131971259843	2.10619363322882e-13
SRR11927448|k99_17686_17	GH36.CUA16889.1	68.2	718	225	3	3	719	4	719	3.1e-308	1056.6	20.9049134869433	18.942872051184	3.47545354272123e-13
SRR11927435|k99_22715_1	GH95.UBD66840.1	67.1	817	267	2	1	817	1	815	0.0e+00	1170.2	16.8431224942627	23.0541571906406	3.99973643850049e-13
SRR11927453|k119_4758_18	GH31.SET57319.1	88.6	1276	146	0	1	1276	1	1276	0.0e+00	2298.1	32.5805453191874	-23.9119552370066	5.20186265158892e-13
SRR11927460|k99_2209_2	GH2.SET94562.1	73.5	1018	266	1	1	1014	1	1018	0.0e+00	1622.8	21.784444734639	-23.8442234975369	5.6141767639063e-13
SRR11927460|k99_5951_12	GH2.SET68766.1	76.9	1007	231	1	1	1007	1	1005	0.0e+00	1686.4	21.9560386883419	-23.8164694588339	5.86792240977964e-13
SRR11927445|k99_1819_2	GH31.SET57319.1	88.6	1276	146	0	1	1276	1	1276	0.0e+00	2298.1	32.6977158404204	-23.8842988942328	5.92299589672742e-13
SRR11927461|k99_8889_3	GH31.SET57305.1	90.8	991	91	0	1	991	1	991	0.0e+00	1863.2	25.188382010362	-23.4474842233537	5.94052315888041e-13
SRR11927450|k99_10174_1	GH2.ADY34049.1	68.7	1030	319	2	1	1028	1	1029	0.0e+00	1541.9	36.2287541326891	18.6893274651478	6.93350010026856e-13
SRR11927460|k99_2413_16	GH36.QEI32555.1	57.2	743	309	2	1	736	1	741	1.3e-261	901.7	20.6257649636168	-23.7514703883617	7.50286869926547e-13
SRR11927460|k99_6582_37	GH2.BCJ95530.1	42.6	1093	507	13	33	1015	66	1148	2.9e-267	921.0	25.2669760269655	-23.9938052597733	7.84356178022988e-13
SRR11927460|k99_2403_39	GH3.UVR10884.1	44.5	542	265	6	5	511	30	570	3.5e-120	431.8	18.2413893858351	-23.6604418594529	8.18628672861125e-13
SRR11927460|k99_1419_7	GH95.WAJ22571.1	72.2	713	196	1	1	713	1	711	0.0e+00	1122.5	17.5529819020765	-23.5640420678101	1.16845909300593e-12
SRR11927460|k99_2403_38	GH31.QOV18829.1	75.8	747	181	0	1	747	1	747	0.0e+00	1263.1	19.1785409592126	-23.5707330475541	1.26757659846684e-12
SRR11927462|k99_6398_3	GH3.XHR92735.1	44.3	576	308	7	161	728	2	572	7.1e-135	480.7	11.5854760491675	22.1631338420943	1.32575868338081e-12
SRR11927460|k99_5247_30	WP_100307226.1	47.8	381	194	3	27	403	21	400	8.5e-95	347.1	15.4179294830102	-23.3524305021789	1.56330351534025e-12
SRR11927440|k99_4789_2	GH3.UVR10884.1	43.5	577	274	6	21	586	35	570	4.8e-131	468.0	12.5297268568889	23.4001094846654	1.59512704864747e-12
SRR11927462|k99_12999_3	GH36.AVM41756.1	53.1	734	335	3	1	731	1	728	1.8e-239	828.2	12.225723433184	22.2185241440539	2.05507025185566e-12
SRR11927460|k99_261_6	GH42.UOX58106.1	61.4	665	257	0	10	674	8	672	2.7e-266	917.1	14.864936273275	-23.2792530656933	2.05547850115639e-12
SRR11927462|k99_6159_2	GH95.UWP55508.1	59.8	739	294	2	1	736	1	739	1.1e-265	915.2	12.9625795206911	22.1498418585032	2.09152406129478e-12
SRR11927461|k99_9452_3	WP_268114394.1	99.5	601	3	0	1	601	1	601	0.0e+00	1251.9	14.839792618205	-22.5958579217179	2.41756419007885e-12
SRR11927434|k99_17377_12	GH36.AWY99188.1	56.7	730	282	5	4	731	5	702	3.1e-255	880.6	13.8055913074142	22.887390113056	2.56484830514667e-12
SRR11927448|k99_9776_2	GH2.ADY34049.1	69.3	1030	313	2	1	1028	1	1029	0.0e+00	1551.6	35.0451058741579	18.1106061801731	2.58330498770812e-12
SRR11927439|k99_32660_11	GH2.QQY41744.1	66.0	938	315	2	19	952	32	969	0.0e+00	1383.2	30.6714685044264	23.9320688964579	3.16683220387854e-12
SRR11927462|k99_16342_3	GH20.ABX40994.1	53.4	605	278	2	1	604	1	602	2.1e-193	674.9	10.9967091365061	21.9018277247004	3.29610096121822e-12
SRR11927460|k99_4038_8	GH2.AJG98227.1	41.1	613	319	12	7	599	2	592	1.8e-131	469.2	13.1053447131984	-22.8531042501857	4.35582089088906e-12
SRR11927449|k99_6562_1	GH2.ADY31985.1	64.5	813	288	1	25	837	23	834	0.0e+00	1152.9	25.7178637833866	19.0826704900994	6.89057090269509e-12
SRR11927439|k99_32660_12	WP_107032344.1	77.2	378	83	2	1	376	1	377	4.5e-186	649.8	11.5606374803096	22.5865988759173	7.28142264943889e-12
SRR11927455|k99_1711_9	GH31.SET57319.1	88.6	1276	145	0	1	1276	1	1276	0.0e+00	2299.6	31.404184481346	-23.8307616088572	9.1740872383969e-12
SRR11927439|k99_4052_4	GH95.UWO03956.1	67.3	822	265	4	1	819	1	821	0.0e+00	1169.1	21.0201188535975	23.1026672835666	1.00920964662955e-11
SRR11927453|k119_4758_17	GH31.SET57305.1	90.8	991	91	0	1	991	1	991	0.0e+00	1863.2	24.9826223262287	-23.5407434384839	1.03980393273774e-11
SRR11927439|k99_4819_42	GH31.QUT32557.1	50.4	785	380	4	2	780	4	785	1.6e-230	798.5	21.3048812685668	23.2738828242269	1.04172693164585e-11
SRR11927437|k99_13682_2	GH2.QQY41744.1	65.9	938	316	2	19	952	32	969	0.0e+00	1379.8	17.5574341470326	23.1165989062776	1.07069146549613e-11
SRR11927455|k99_1711_8	GH31.SET57305.1	90.8	991	91	0	1	991	1	991	0.0e+00	1863.2	24.893749935612	-23.5359821472868	1.16912600786567e-11
SRR11927439|k99_9928_1	WP_010266002.1	75.9	704	167	3	1	702	1	703	0.0e+00	1097.8	18.9599705641086	23.2278897800597	1.21422774728458e-11
SRR11927439|k99_20216_29	WP_082944018.1	75.4	651	160	0	46	696	7	657	1.7e-311	1067.4	19.2977432866634	24.0745620292161	1.23899517900884e-11
SRR11927457|k99_6636_1	GH31.SET57319.1	89.1	1065	116	0	1	1065	1	1065	0.0e+00	1916.4	24.5643919161482	-23.4954044169352	1.26522343076696e-11
SRR11927445|k99_1819_4	GH31.SET57296.1	91.2	536	47	0	1	536	1	536	3.9e-308	1055.8	15.3354648258702	-22.9467777530082	1.30321383335023e-11
SRR11927445|k99_1819_3	GH31.SET57305.1	90.8	991	91	0	1	991	1	991	0.0e+00	1863.2	25.0034313164645	-23.4116167038465	1.52423412589731e-11
SRR11927453|k119_4758_16	GH31.SET57296.1	91.2	536	47	0	1	536	1	536	3.9e-308	1055.8	14.8774149666515	-22.8490045906462	1.89306061408629e-11
SRR11927437|k99_7957_3	WP_082944018.1	75.1	651	162	0	46	696	7	657	4.2e-310	1062.8	14.028459443661	23.6768295537688	1.90844702859946e-11
SRR11927461|k99_8889_4	GH31.SET57296.1	91.2	536	47	0	1	536	1	536	3.9e-308	1055.8	14.7570749138289	-22.8169686500669	1.91046833249868e-11
SRR11927450|k99_1681_1	GH2.QUT69940.1	68.1	891	281	2	1	889	234	1123	0.0e+00	1304.3	28.6225219631533	18.2590940226162	2.11022325822864e-11
SRR11927449|k99_69_4	GH36.CUA16889.1	68.1	718	226	3	5	721	4	719	9.0e-308	1055.0	26.7920524170632	18.4731390362056	2.12898910053738e-11
SRR11927457|k99_6636_3	GH31.SET57296.1	91.2	536	47	0	1	536	1	536	3.9e-308	1055.8	14.8261672208016	-22.7899334336779	2.14032198513188e-11
SRR11927435|k99_33593_1	GH31.UBD12839.1	66.6	1294	419	4	4	1291	8	1294	0.0e+00	1809.3	13.35686653788	23.4481341486969	2.63654886005637e-11
SRR11927453|k119_2967_2	GH31.WAJ24905.1	99.1	665	6	0	34	698	1	665	0.0e+00	1406.3	19.6031769632167	-23.0625246638398	3.11772966102984e-11
SRR11927437|k99_16663_2	GH31.UBD12839.1	66.6	1294	419	4	4	1291	8	1294	0.0e+00	1809.3	14.3799954789643	23.381114726811	3.42665341983725e-11
SRR11927435|k99_39406_6	GH2.BBL01806.1	62.4	1003	357	4	1	999	1	987	0.0e+00	1324.7	11.9616696670044	23.253067428649	3.96017028749969e-11
SRR11927461|k99_2543_32	GH31.WAJ26076.1	99.6	833	3	0	1	833	1	833	0.0e+00	1730.7	16.263787485934	-23.4607253575318	4.68618180528365e-11
SRR11927445|k99_2355_82	GH31.WAJ26076.1	99.6	833	3	0	1	833	1	833	0.0e+00	1730.7	16.5966108983313	-23.4170961800175	5.13377104022407e-11
SRR11927455|k99_1711_7	GH31.SET57296.1	91.2	536	47	0	1	536	1	536	3.9e-308	1055.8	14.5229387038676	-22.4315735082902	5.23685102737835e-11
SRR11927460|k99_2647_7	GH2.SEH92831.1	47.5	769	381	12	5	759	27	786	1.7e-198	692.2	16.743504815919	-23.47764291629	5.93756602002683e-11
SRR11927450|k99_7533_1	GH36.CUA16889.1	67.7	718	229	3	5	721	4	719	1.9e-305	1047.3	23.2194962219606	17.8764789881018	6.37472844397555e-11
SRR11927453|k119_7808_22	GH31.WAJ26076.1	99.6	833	3	0	1	833	1	833	0.0e+00	1730.7	16.0277463493541	-23.3449947805727	6.90934228722635e-11
SRR11927462|k99_8039_1	GH31.BDF46845.1	87.5	664	83	0	1	664	1	664	0.0e+00	1279.2	11.3974084772361	22.0025326874795	6.93311318860221e-11
SRR11927462|k99_22599_9	WP_330640401.1	84.5	567	88	0	1	567	1	567	3.9e-290	996.1	8.08037377323576	21.6184234977807	7.44825060146491e-11
SRR11927461|k99_9411_96	GH2.SET94562.1	74.3	1019	262	0	1	1019	1	1019	0.0e+00	1633.2	24.7202802370657	-23.8586074710714	7.88731931146712e-11
SRR11927460|k99_5189_18	GH123.QRV19335.1	69.4	552	169	0	1	552	1	552	3.0e-234	810.4	14.1613889707475	-23.2627736042517	8.53734233523615e-11
SRR11927460|k99_2647_6	GH95.WMJ86583.1	85.4	766	112	0	2	767	3	768	0.0e+00	1395.6	13.9811699778694	-23.2262272381942	8.69028114312178e-11
SRR11927462|k99_7435_1	GH36.AEE97182.1	42.4	531	300	4	54	581	81	608	9.3e-130	463.4	9.06233741044074	21.6550263659915	9.3996395261307e-11
SRR11927462|k99_1467_2	GH42.UOX58106.1	60.0	672	260	3	6	675	10	674	4.3e-259	893.3	8.61115124988778	21.5607990817216	1.28783415557775e-10
SRR11927462|k99_6304_3	GH2.AUS95659.1	65.5	568	194	2	1	568	238	803	1.4e-234	811.6	9.35994581559948	21.59958992587	1.44880685305977e-10
SRR11927462|k99_28965_1	GH29.UWP24576.1	68.7	489	151	2	1	488	1	488	1.8e-219	761.1	7.869644936028	21.3896968403034	1.62506195949185e-10
SRR11927445|k99_1702_10	GH2.BCJ95530.1	40.9	1075	520	13	36	1009	69	1129	2.0e-252	871.7	27.7061785036325	-23.6398649220142	2.36589848433094e-10
SRR11927453|k119_514_10	GH2.BCJ95530.1	40.9	1075	520	13	36	1009	69	1129	2.0e-252	871.7	27.2599252029448	-23.605957557547	2.55912434846342e-10
SRR11927452|k99_1480_1	GH2.SEH92831.1	47.9	769	378	12	5	759	27	786	1.1e-200	699.5	9.58911530973181	-22.6471971221351	2.69493586178588e-10
SRR11927455|k99_9767_21	GH31.WAJ23728.1	99.8	808	2	0	1	808	1	808	0.0e+00	1729.1	18.5320123169841	-23.1179212491578	2.77386507328188e-10
SRR11927461|k99_344_10	GH2.BCJ95530.1	40.9	1075	520	13	36	1009	69	1129	2.0e-252	871.7	26.7541826689931	-23.5349414666411	2.82266685771562e-10
SRR11927453|k119_1534_12	GH2.SET68766.1	80.0	1008	200	1	1	1008	1	1006	0.0e+00	1739.2	18.7139958459537	-23.124783065227	3.13387246704448e-10
SRR11927457|k99_6238_2	GH2.SET68766.1	80.0	1008	200	1	1	1008	1	1006	0.0e+00	1739.2	20.114836001613	-23.1851982504089	3.21467271362386e-10
SRR11927445|k99_1589_29	GH2.SET68766.1	80.0	1008	200	1	1	1008	1	1006	0.0e+00	1739.2	18.9874055476145	-23.0889219830487	3.23206552766875e-10
SRR11927455|k99_7430_15	GH42.WAJ24927.1	99.1	676	6	0	26	701	1	676	0.0e+00	1421.0	16.4361936293156	-22.9707628578488	3.37623009166488e-10
SRR11927461|k99_2543_29	GH31.WAJ23728.1	99.5	808	4	0	1	808	1	808	0.0e+00	1721.1	22.0259255590093	-23.2817414851263	3.38605983618542e-10
SRR11927461|k99_509_42	GH36.AII74158.1	41.8	641	363	6	49	683	49	685	2.8e-152	538.5	15.8559132482836	-22.9459860433043	3.43288995334594e-10
SRR11927455|k99_2628_13	GH3.UVR10884.1	45.8	559	272	4	7	552	29	569	1.2e-136	486.5	15.1151937654513	-22.8872160395531	3.43402850978516e-10
SRR11927461|k99_5992_41	WP_176253724.1	43.3	499	251	9	20	512	2	474	1.1e-97	356.7	15.5741674529878	-22.9021760843661	3.50489663314187e-10
SRR11927455|k99_11318_2	GH36.AVM41756.1	51.6	715	342	2	1	712	1	714	1.8e-223	775.0	18.59667150236	-23.1112469541462	3.55117637321116e-10
SRR11927461|k99_4197_202	GH3.UVR10884.1	45.8	559	272	4	7	552	29	569	1.2e-136	486.5	15.4531255228188	-22.8979774554845	3.58887343531573e-10
SRR11927445|k99_2355_85	GH31.WAJ23728.1	99.5	808	4	0	1	808	1	808	0.0e+00	1721.1	21.9983216502973	-23.2561328661511	3.60621751937363e-10
SRR11927435|k99_3107_2	GH42.BBF45276.1	69.7	671	197	3	1	669	1	667	1.9e-296	1017.3	9.26916437084906	22.2872708783823	3.61796678212913e-10
SRR11927445|k99_1633_67	GH95.WAJ22571.1	99.4	711	4	0	1	711	1	711	0.0e+00	1497.3	14.5603618641553	-22.7963688775219	3.75129358518907e-10
SRR11927445|k99_2355_45	GH36.QEI32555.1	58.3	741	300	2	1	734	1	739	2.1e-267	921.0	21.6243830938125	-23.2384370687448	3.75735243506937e-10
SRR11927461|k99_10068_15	GH42.WAJ24927.1	99.1	676	6	0	26	701	1	676	0.0e+00	1421.0	15.8191695200101	-22.8819510838238	3.75914614705068e-10
SRR11927445|k99_256_40	WP_176253724.1	43.3	499	251	9	20	512	2	474	1.1e-97	356.7	13.9957015450382	-22.7537258673377	3.76402863473632e-10
SRR11927455|k99_6640_11	GH2.SET68766.1	80.0	1008	200	1	1	1008	1	1006	0.0e+00	1739.2	18.7448867767748	-23.0020516396771	3.77887949690104e-10
SRR11927445|k99_1314_15	GH42.WAJ24927.1	99.1	676	6	0	26	701	1	676	0.0e+00	1421.0	16.0884104724882	-22.8853467893019	3.80718940627665e-10
SRR11927445|k99_2272_39	GH36.AII74158.1	41.8	641	363	6	49	683	49	685	2.8e-152	538.5	14.60712236182	-22.7880949047774	3.85892933272061e-10
SRR11927445|k99_705_73	GH3.UVR10884.1	45.8	559	272	4	7	552	29	569	1.2e-136	486.5	14.9272263785323	-22.8087786477597	3.8889298537091e-10
SRR11927453|k119_3028_11	GH95.WAJ22571.1	99.4	711	4	0	1	711	1	711	0.0e+00	1497.3	14.9039748725193	-22.7782214814688	3.89075260002999e-10
SRR11927453|k119_3118_27	GH36.AII74158.1	41.8	641	363	6	49	683	49	685	2.8e-152	538.5	15.9942486889599	-22.8229560739957	3.90161696074029e-10
SRR11927453|k119_5058_12	GH3.UVR10884.1	45.8	559	272	4	7	552	29	569	1.2e-136	486.5	14.6809146301417	-22.7800286298383	3.93523741664922e-10
SRR11927453|k119_4428_2	GH36.QEI32555.1	58.3	741	300	2	1	734	1	739	2.1e-267	921.0	22.9523239144558	-23.2530587936094	3.9551032282328e-10
SRR11927455|k99_6838_10	WP_176253724.1	43.3	499	251	9	20	512	2	474	1.1e-97	356.7	14.2314936055337	-22.726753525455	3.97753077795036e-10
SRR11927445|k99_736_7	GH31.WAJ24905.1	99.1	665	6	0	1	665	1	665	0.0e+00	1406.0	17.4337267876079	-22.9621387758174	3.9816214054729e-10
SRR11927461|k99_9520_22	GH95.WAJ22571.1	99.4	711	4	0	1	711	1	711	0.0e+00	1497.3	13.1769936094145	-22.660299737999	4.00032074838766e-10
SRR11927455|k99_3707_12	GH95.WAJ22571.1	99.4	711	4	0	1	711	1	711	0.0e+00	1497.3	13.4769860020335	-22.6797979952974	4.0181299741092e-10
SRR11927461|k99_7897_3	GH36.AVM41756.1	51.6	715	342	2	1	712	1	714	1.8e-223	775.0	17.0701613955515	-22.946197002809	4.0181299741092e-10
SRR11927453|k119_6669_16	WP_176253724.1	43.3	499	251	9	20	512	2	474	1.1e-97	356.7	13.6679478357013	-22.6433543401732	4.02540176513135e-10
SRR11927461|k99_3504_45	GH31.WAJ24905.1	99.1	665	6	0	1	665	1	665	0.0e+00	1406.0	16.9222357997547	-22.9175879945611	4.14286650218104e-10
SRR11927445|k99_478_8	GH2.AJG98227.1	42.6	610	308	13	7	596	2	589	9.0e-136	483.4	11.9979915693836	-22.5271424862169	4.22439757312536e-10
SRR11927453|k119_3135_8	GH2.AJG98227.1	42.6	610	308	13	7	596	2	589	9.0e-136	483.4	12.2626545118978	-22.5355997954617	4.37232543764861e-10
SRR11927445|k99_1857_3	WP_268114394.1	99.5	601	3	0	1	601	1	601	0.0e+00	1251.9	14.2160565161539	-22.7094481400779	4.58960788183865e-10
SRR11927435|k99_38878_1	GH3.UVR10884.1	40.9	511	243	6	1	500	108	570	1.2e-104	380.2	7.36624997933063	21.955657782938	4.79882401993906e-10
SRR11927445|k99_3075_3	GH2.SET94562.1	74.3	1019	262	0	1	1019	1	1019	0.0e+00	1630.9	19.6051363230745	-22.8842092304966	4.8284199336861e-10
SRR11927461|k99_2511_119	WP_184093583.1	43.1	483	221	13	17	493	25	459	1.4e-94	346.3	13.9855644008473	-22.6591934545103	4.92637379961975e-10
SRR11927453|k119_596_1	WP_184093583.1	43.1	483	221	13	17	493	25	459	1.4e-94	346.3	15.6622370393483	-22.7607390785416	5.27198581597927e-10
SRR11927448|k99_7054_2	WP_083535713.1	43.0	776	392	18	215	976	27	766	9.4e-167	587.0	31.9905157923935	17.9675517171993	5.35130586203152e-10
SRR11927453|k119_9600_2	GH2.SET94562.1	74.3	1019	262	0	1	1019	1	1019	0.0e+00	1630.9	20.2110155355963	-22.8055455780582	5.43266646624645e-10
SRR11927453|k119_304_4	WP_268114394.1	99.5	601	3	0	1	601	1	601	0.0e+00	1251.9	13.2649483624035	-22.5351594496108	5.59656771379441e-10
SRR11927445|k99_332_118	WP_184093583.1	43.1	483	221	13	17	493	25	459	1.4e-94	346.3	15.2838786757973	-22.6290418432022	6.29860182546943e-10
SRR11927453|k119_9110_1	GH42.WAJ24927.1	99.1	676	6	0	26	701	1	676	0.0e+00	1421.0	16.0817624628011	-22.4395195840194	6.61784824156251e-10
SRR11927448|k99_2841_5	GH2.QUT69940.1	70.1	1117	328	3	4	1115	8	1123	0.0e+00	1671.8	30.5700714792442	17.663813636059	7.31521596233714e-10
SRR11927453|k119_2295_8	WP_459833546.1	56.3	373	159	1	55	427	28	396	1.3e-120	432.6	10.2285655342336	-22.1825251835247	7.49116004920469e-10
SRR11927435|k99_10641_1	GH2.CBL02867.1	59.3	902	326	5	6	901	29	895	0.0e+00	1118.2	10.5069730718712	22.8710506186589	2.11493118760988e-09
SRR11927435|k99_15087_3	GH2.WP_055167711.1	59.8	776	257	6	3	773	8	733	6.1e-270	929.5	9.80806960730869	22.8433197400705	2.15431530967931e-09
SRR11927435|k99_38391_3	GH95.UGU17702.1	56.4	753	313	6	27	766	27	777	9.2e-261	899.0	10.0911042668103	22.8163996646672	2.3750266890017e-09
SRR11927437|k99_10697_2	GH20.XJR74501.1	54.7	707	315	4	3	708	18	720	5.5e-233	806.6	9.62749938651364	22.7376338574257	2.78373636792955e-09
SRR11927449|k99_11336_5	GH95.AZQ64685.1	51.6	754	359	5	24	776	306	1054	1.5e-239	828.6	22.8488547167438	17.1091791829514	3.36141075335525e-09
SRR11927462|k99_378_8	GH36.AXM89529.1	49.2	733	361	5	2	728	3	730	1.0e-210	732.6	24.4612486862501	8.91062481554759	1.30185799363419e-08
SRR11927449|k99_11706_2	WP_083535713.1	43.5	774	389	18	215	974	27	766	5.9e-169	594.3	30.2212477600553	15.394523486455	8.18140110531563e-07
SRR11927449|k99_12363_4	GH89.UHZ88335.1	64.3	715	252	2	2	713	4	718	1.0e-295	1015.0	22.5450367688729	16.0050598777355	1.44805501365183e-06
SRR11927449|k99_9673_2	GH20.QIL41543.1	49.2	744	348	7	28	765	57	776	7.8e-209	726.5	23.5912745680802	15.3191769087959	6.16502040661708e-06
SRR11927450|k99_7289_2	GH89.UHZ88335.1	64.1	715	254	2	2	713	4	718	3.3e-294	1010.0	20.4555764934375	14.931028378658	9.99949313756271e-06
SRR11927444|k99_7534_1	GH36.AXM89529.1	48.2	708	363	3	10	716	12	716	2.7e-195	681.4	10.7033660944643	16.1219775162607	1.02085960361117e-05
SRR11927462|k99_3572_3	WP_242965037.1	48.2	384	195	3	1	381	1	383	2.0e-96	352.1	9.10267807285513	7.50327499223869	1.49462784976445e-05
SRR11927435|k99_10025_1	GH2.CBL24817.1	74.7	764	187	2	3	765	2	760	0.0e+00	1210.3	12.4810979870942	7.95226349792651	2.30982038937254e-05
SRR11927462|k99_24223_4	WP_186877459.1	57.6	453	188	3	1	452	1	450	1.4e-133	475.7	10.8576630908593	7.82750778639246	2.31823260167612e-05
SRR11927435|k99_31199_4	GH36.AHV95704.1	45.3	758	384	4	1	755	1	730	6.5e-200	696.8	10.4925831550699	7.61843292443731	2.79208529504132e-05
SRR11927444|k99_3723_14	GH3.UVR10884.1	42.6	549	288	7	2	537	27	561	8.3e-120	430.6	9.29910191944284	15.2638553988641	3.0390495564288e-05
SRR11927444|k99_14602_3	GH36.QDW75218.1	58.3	731	303	2	11	740	12	741	5.3e-255	879.8	9.78676921757822	14.3293021502032	0.000102272754398424
SRR11927439|k99_27753_2	WP_242965037.1	48.1	285	146	2	1	284	100	383	1.4e-73	275.8	6.51002163285933	7.042118399835	0.000121122022405358
SRR11927435|k99_6399_4	GH2.QBE97789.1	68.8	826	239	4	1	810	15	837	0.0e+00	1237.2	11.1990943873055	7.72530782280957	0.000132831700456563
SRR11927438|k99_10850_2	WP_186877459.1	57.8	453	187	3	1	452	1	450	1.3e-134	479.2	7.52205515547941	7.20594533650155	0.000162520291761815
SRR11927435|k99_11781_2	GH42.WNR42900.1	46.5	647	321	8	1	626	1	643	1.3e-180	632.5	10.6020928693195	7.81768862077041	0.000169029904946369
SRR11927462|k99_4177_4	WP_251317632.1	76.2	240	56	1	78	317	70	308	1.3e-104	379.0	9.72090691744033	7.64284607983627	0.000221039455756006
SRR11927462|k99_7277_2	GH42.QJU13356.1	50.1	668	329	3	3	667	2	668	1.0e-204	712.6	13.3408860742854	8.1749434984493	0.000258895203804725
SRR11927444|k99_7839_4	GH42.WOC31724.1	50.4	671	329	4	1	668	1	670	1.9e-206	718.4	9.21632327909568	14.2883962892441	0.000405584617244292
SRR11927435|k99_26677_2	GH129.XKQ18713.1	72.1	606	168	1	1	605	22	627	2.9e-286	983.4	10.3384238596221	7.58178889127749	0.000672945919382107
SRR11927462|k99_20283_1	GH2.QLG40518.1	49.4	670	332	3	26	688	33	702	3.4e-203	707.6	12.898923914182	7.85194729172481	0.000703207186110876
SRR11927462|k99_25437_1	WP_251318773.1	78.5	413	89	0	5	417	2	414	1.8e-98	359.0	9.42549692827716	7.58721861406251	0.00071245991618476
SRR11927435|k99_34259_1	GH42.AWY97258.1	68.3	684	217	0	2	685	1	684	2.7e-306	1050.0	10.0772767022204	7.54473535672854	0.000882390288443945
SRR11927435|k99_38179_1	GH3.UVR10884.1	42.0	424	215	6	1	411	164	569	1.8e-90	332.8	8.9055438276581	7.57888053477988	0.00107103787741446
SRR11927435|k99_14490_3	GH31.UVQ04253.1	73.6	1290	334	3	3	1288	2	1288	0.0e+00	1999.2	40.5813602250495	9.66516148673996	0.0010951075756828
SRR11927437|k99_13586_41	GH31.UVQ04253.1	73.6	1290	334	3	3	1288	2	1288	0.0e+00	1999.2	41.7438674954336	9.71320201773206	0.00112243878854246
SRR11927435|k99_23921_1	GH123.QMW80769.1	61.3	470	181	1	3	472	14	482	5.5e-181	633.3	6.41049820016529	6.95110866960002	0.00130428163150598
SRR11927435|k99_4487_1	GH123.QYX26352.1	48.7	554	281	1	14	564	4	557	7.0e-162	570.1	7.99364675052178	7.17288625522776	0.0013574587305756
SRR11927434|k99_1650_8	GH20.QIL41543.1	48.8	744	351	7	39	776	57	776	1.1e-207	722.6	22.5852183178312	8.91713613302896	0.00140747327556483
SRR11927434|k99_17494_1	GH95.AZQ64685.1	51.7	754	358	5	24	776	306	1054	1.5e-239	828.6	25.180628875936	9.06068588453476	0.00145006700080765
SRR11927440|k99_2625_2	GH36.AVM41756.1	54.7	726	324	2	1	726	1	721	1.2e-246	852.0	14.8751836163941	8.25151757107327	0.00154442850815211
SRR11927463|k99_4387_41	GH36.CUA16889.1	69.2	697	212	3	26	721	25	719	7.1e-305	1045.4	24.9457572621904	9.03517003548957	0.00164542159555219
SRR11927435|k99_6212_2	GH42.UWO25860.1	71.1	674	195	0	1	674	1	674	1.7e-308	1057.4	10.4730350082982	7.75140144751901	0.00166605046428386
SRR11927435|k99_16475_1	GH36.QEI32555.1	65.1	642	223	1	1	641	2	643	6.6e-254	875.9	13.4277403358892	7.9534331203507	0.00170778827713589
SRR11927462|k99_3485_1	WP_251316959.1	80.2	369	72	1	44	411	1	369	1.4e-164	578.6	8.77351138014485	7.57065091946848	0.00182661799908034
SRR11927435|k99_14838_1	GH2.ADY34049.1	69.3	970	295	2	2	969	10	978	0.0e+00	1470.7	33.3289212299888	9.4574755150571	0.0022972382338203
SRR11927434|k99_21773_2	GH29.UVQ45368.1	64.2	687	234	7	3	684	4	683	7.3e-267	919.1	26.3807414816482	9.01177273706587	0.00232857050877021
SRR11927463|k99_19054_1	GH95.AZQ64685.1	51.7	754	358	5	24	776	306	1054	1.5e-239	828.6	25.9796691706587	9.10807534380338	0.00251130639951227
SRR11927437|k99_15794_6	GH95.AZQ64685.1	51.7	754	358	5	24	776	306	1054	1.5e-239	828.6	24.8624285793739	9.04830510115209	0.00253465113094107
SRR11927437|k99_1138_7	GH84.UHZ87400.1	51.3	731	348	6	4	728	5	733	1.9e-224	778.5	22.7237993240298	8.87262581735668	0.00255919188358362
SRR11927463|k99_21669_10	GH20.ALK86219.1	71.7	760	213	2	16	774	16	774	0.0e+00	1169.8	24.1789342388709	8.93633997134123	0.00263911813923771
SRR11927463|k99_8902_1	GH42.ANU54828.1	88.4	585	68	0	1	585	1	585	0.0e+00	1128.2	9.5495962348319	7.68264857417714	0.00277525643994245
SRR11927437|k99_10106_8	WP_245820198.1	57.2	676	289	0	4	679	20	695	1.7e-231	801.6	21.788823274098	8.86302974504376	0.00290737864162072
SRR11927435|k99_45376_3	GH84.UHZ87400.1	51.3	731	348	6	4	728	5	733	1.9e-224	778.5	22.1087944499908	8.79687390667664	0.00291369866358986
SRR11927434|k99_16786_1	GH20.ALK86219.1	71.7	760	213	2	13	771	16	774	0.0e+00	1169.8	22.8570500441686	8.82684786677728	0.00302278365977898
SRR11927437|k99_17083_4	WP_083535713.1	43.2	777	389	20	215	976	27	766	1.4e-165	583.2	29.9071686121326	9.3284362057364	0.0030958518760296
SRR11927438|k99_13036_2	GH3.QCI59548.1	56.8	366	151	3	1	361	29	392	1.9e-112	405.2	6.91055669899623	7.21443252294351	0.0031248604636564
SRR11927435|k99_18192_1	GH2.ADY31985.1	64.2	827	293	2	13	837	9	834	0.0e+00	1166.4	28.2820603591133	9.20007158683102	0.00318705611782835
SRR11927435|k99_37396_2	WP_118209765.1	46.3	361	183	4	62	417	36	390	2.7e-85	315.5	8.57515092811218	7.21758944713324	0.0032246158494604
SRR11927437|k99_14892_13	GH29.SCM55387.1	55.1	691	301	4	3	689	4	689	1.2e-221	768.8	22.9836424733865	8.93406229035077	0.00331184207878008
SRR11927435|k99_33014_3	GH20.QUH29206.1	42.1	439	242	4	18	445	56	493	1.0e-110	399.8	6.1019500824576	6.84617297939579	0.00334849765340806
SRR11927434|k99_7169_6	GH20.QDM08718.1	69.7	542	160	4	1	539	1	541	4.8e-229	793.1	21.062231739538	8.70896784330194	0.00339379465865911
SRR11927438|k99_27993_2	GH29.VFH84816.1	63.4	429	156	1	10	437	11	439	6.7e-181	632.9	6.76324265283178	7.195048539193	0.00342507948363995
SRR11927434|k99_1791_3	AAO79736.1	69.7	495	148	2	20	513	27	520	2.4e-206	717.6	17.7148976987391	8.51024532669513	0.00343387789061306
SRR11927435|k99_34327_2	GH29.UVQ45368.1	63.6	687	238	7	3	684	4	683	9.0e-265	912.1	22.173480588809	8.7016199401946	0.00356576770385488
SRR11927436|k99_20366_2	GH20.ALK86219.1	70.9	760	219	2	16	774	16	774	0.0e+00	1157.5	19.1661557138031	8.5672411348967	0.0036013213460062
SRR11927438|k99_21926_2	WP_251318773.1	77.2	346	79	0	5	350	2	347	1.3e-62	239.6	5.41082471416957	6.84672736069516	0.00399429270696342
SRR11927437|k99_1866_6	GH36.CUA16889.1	69.2	697	212	3	26	721	25	719	7.1e-305	1045.4	21.989473709112	8.85099699413661	0.00413062644459384
SRR11927437|k99_18656_12	GH29.UVQ45368.1	63.6	687	238	7	3	684	4	683	9.0e-265	912.1	23.2601203959766	8.69474360309618	0.00414005946150944
SRR11927434|k99_22346_1	GH2.ADY31985.1	64.3	827	292	2	13	837	9	834	0.0e+00	1168.3	28.7852822386169	9.26136581536101	0.00419948697514011
SRR11927436|k99_5865_5	GH2.ADY34049.1	68.2	833	262	2	1	831	1	832	0.0e+00	1249.2	28.0744174385119	9.22486630102363	0.00442991614386756
SRR11927463|k99_13821_13	GH29.UVQ45368.1	64.2	687	234	7	3	684	4	683	7.3e-267	919.1	25.5767332342467	9.00490036424985	0.00443284406562614
SRR11927463|k99_15912_41	WP_083535713.1	43.0	776	392	19	215	976	27	766	8.0e-166	583.9	32.8523843686517	9.46953791217418	0.00443955161547049
SRR11927434|k99_23347_7	WP_083535713.1	43.0	776	392	19	215	976	27	766	8.0e-166	583.9	31.6265255812453	9.41838661157802	0.00446276966973591
SRR11927462|k99_20290_5	GH3.QCI59548.1	57.9	354	142	3	43	391	41	392	3.5e-112	404.4	8.55210223816332	7.53449772208161	0.00448188769014484
SRR11927434|k99_13877_2	WP_251620484.1	87.0	732	95	0	1	732	1	732	0.0e+00	1366.3	24.1628967564053	9.01802119210297	0.00448480462242899
SRR11927436|k99_11441_1	GH20.QDM08718.1	69.7	542	160	4	1	539	1	541	6.3e-229	792.7	16.3357150424727	8.4389647810562	0.00454560417174254
SRR11927436|k99_6744_1	GH29.UVQ45368.1	63.6	687	238	7	3	684	4	683	1.2e-264	911.8	20.4139743431344	8.54002207242563	0.00456466700512662
SRR11927436|k99_4837_4	GH36.CUA16889.1	69.2	697	212	3	12	707	25	719	4.1e-305	1046.2	18.9629767052405	8.63543078757998	0.00461555324675031
SRR11927437|k99_3121_13	GH20.QDM08718.1	69.9	542	159	4	1	539	1	541	1.7e-229	794.7	17.5164009124684	8.53171644522876	0.00465114993426008
SRR11927463|k99_27085_16	GH20.ADV44725.1	65.6	643	216	3	24	663	28	668	3.9e-265	913.3	22.4450101707577	8.91059984031638	0.00468640565401186
SRR11927463|k99_25424_13	GH20.QDM08718.1	69.7	542	160	4	1	539	1	541	4.8e-229	793.1	19.1262659525271	8.65138571027333	0.00473906557375201
SRR11927437|k99_13586_37	GH20.ALK86219.1	71.3	760	216	2	16	774	16	774	0.0e+00	1164.8	23.0856111066122	8.8497376950712	0.00504739722114681
SRR11927434|k99_22618_6	GH36.CUA16889.1	69.2	697	212	3	26	721	25	719	7.1e-305	1045.4	23.0743516998537	8.94567599493979	0.00508554236822992
SRR11927463|k99_4387_10	WP_251620484.1	87.0	732	95	0	1	732	1	732	0.0e+00	1366.3	21.7448490712071	8.86439746294933	0.00521261897090114
SRR11927437|k99_13313_28	GH2.ADY31985.1	64.2	827	293	2	13	837	9	834	0.0e+00	1166.4	26.924549234998	9.14872695043358	0.00537806171839616
SRR11927451|k99_20599_2	WP_246223864.1	51.5	758	344	10	1	745	2	748	1.1e-223	775.8	16.7093184731224	8.36737130832092	0.00540975336925804
SRR11927435|k99_18789_1	GH110.UVR07205.1	71.3	515	148	0	1	515	78	592	8.3e-234	808.9	12.7315985477916	8.03616417372698	0.0054549398771373
SRR11927435|k99_34637_1	GH29.BDG67518.1	59.8	470	188	1	24	492	16	485	3.0e-185	647.5	8.36906291823763	7.49319715182697	0.00552289698838452
SRR11927437|k99_2888_3	WP_251620484.1	87.2	732	94	0	1	732	1	732	0.0e+00	1367.8	23.111550620076	8.93917789721832	0.00563643396837879
SRR11927436|k99_4293_2	WP_083535713.1	43.0	776	392	19	215	976	27	766	4.7e-166	584.7	27.7999685558828	9.22545174718105	0.00571892799976406
SRR11927435|k99_20329_1	GH2.QUT69940.1	71.1	1041	298	3	2	1040	84	1123	0.0e+00	1575.1	33.6133608715839	9.49302374289927	0.00578330529893814
SRR11927462|k99_17783_6	GH29.VFH84816.1	62.9	429	158	1	10	437	11	439	2.8e-179	627.5	8.24211100793828	7.47853059278235	0.00585175687862669
SRR11927436|k99_11705_2	GH20.ADV44725.1	65.6	643	216	3	2	641	28	668	2.9e-265	913.7	16.6744985133044	8.48809171390281	0.00595852528321481
SRR11927436|k99_5347_1	GH2.ADY31985.1	65.1	760	264	1	1	760	76	834	0.0e+00	1085.9	26.483518143477	9.15827456150736	0.00595916855894508
SRR11927435|k99_3665_2	WP_251619867.1	82.5	698	122	0	13	710	1	698	0.0e+00	1203.0	18.9348591238648	8.66458171226057	0.00598041051824726
SRR11927463|k99_36216_52	GH2.ADY31985.1	64.3	827	292	2	13	837	9	834	0.0e+00	1168.3	27.6163249026316	9.21507960828397	0.00605546943571095
SRR11927463|k99_35575_28	AAO79736.1	69.7	495	148	2	20	513	27	520	2.4e-206	717.6	16.9210828700453	8.44788258548509	0.00617879575657351
SRR11927435|k99_36545_1	GH2.WIO73987.1	43.9	618	317	11	17	610	7	618	1.9e-141	502.3	18.6393669558502	8.63879324107901	0.00623940993262243
SRR11927463|k99_18025_1	GH110.UVR07205.1	68.4	586	184	1	5	590	8	592	2.0e-252	870.9	20.264993325994	8.65030458436453	0.00624260482560068
SRR11927437|k99_2185_1	GH42.ANU54828.1	85.3	668	93	2	1	668	1	663	0.0e+00	1232.2	7.58018207502294	7.3066306598867	0.00626736903318411
SRR11927436|k99_8165_2	GH84.UHZ87400.1	51.3	731	348	6	4	728	5	733	1.1e-224	779.2	19.1224374727956	8.59475880025016	0.00628743336869072
SRR11927435|k99_27670_1	WP_245820198.1	57.2	676	289	0	4	679	20	695	1.7e-231	801.6	20.0446801309081	8.73694583231906	0.00629339567220805
SRR11927439|k99_9928_2	WP_245820198.1	54.3	674	306	2	33	704	21	694	1.2e-219	762.3	19.7879162369739	8.72989150139004	0.00643905103607127
SRR11927436|k99_10309_1	GH29.SCM55387.1	55.3	691	300	4	3	689	4	689	7.2e-222	769.6	20.4389280501177	8.76444143691412	0.00649406020143141
SRR11927435|k99_7176_3	AAO79736.1	69.5	495	149	2	4	497	27	520	5.2e-206	716.5	15.2552495555762	8.31846772887771	0.00650255883226193
SRR11927439|k99_6765_3	GH2.CBL02867.1	64.7	1033	350	6	1	1024	1	1027	0.0e+00	1415.6	15.8019298012985	8.37718447375854	0.00661656497197314
SRR11927437|k99_12467_3	WP_035456300.1	51.8	463	219	4	18	476	21	483	1.2e-143	509.2	14.0975109076319	8.21179770324481	0.00666847012913567
SRR11927435|k99_5826_1	GH95.AZQ64685.1	51.7	754	358	5	24	776	306	1054	1.5e-239	828.6	21.3779435477724	8.81603409798822	0.00689628234426758
SRR11927463|k99_30884_15	WP_035456300.1	51.8	463	219	4	18	476	21	483	2.7e-143	508.1	18.1257351185146	8.59196012188134	0.00694059340312358
SRR11927463|k99_28089_22	WP_245820198.1	57.5	676	287	0	4	679	20	695	1.3e-231	802.0	24.1505003798025	9.02197992327977	0.00706154732360321
SRR11927463|k99_9918_8	GH20.QIL41543.1	48.8	744	351	7	39	776	57	776	1.1e-207	722.6	22.9833825416119	8.94901359270673	0.00739832521841662
SRR11927436|k99_24685_2	WP_251620484.1	86.9	732	96	0	1	732	1	732	0.0e+00	1365.1	20.327585730578	8.72823434144143	0.00763095231037998
SRR11927435|k99_23026_2	WP_035456300.1	51.8	463	219	4	17	475	21	483	1.2e-143	509.2	16.2639477945113	8.43705075300116	0.0077166112699338
SRR11927437|k99_15093_11	AAO79736.1	69.5	495	149	2	20	513	27	520	5.4e-206	716.5	17.3584376712965	8.52752666186833	0.00801624016829057
SRR11927435|k99_2495_2	WP_251620484.1	87.2	732	94	0	1	732	1	732	0.0e+00	1367.8	22.4031756122863	8.91246242716513	0.00803117728887131
SRR11927463|k99_28009_14	GH29.SCM55387.1	55.1	691	301	4	3	689	4	689	3.6e-221	767.3	23.7569487395233	8.99285998713715	0.00819933589085399
SRR11927436|k99_22939_2	WP_245820198.1	57.5	676	287	0	4	679	20	695	7.7e-232	802.7	19.2610014332872	8.69848167826749	0.00824193850544193
SRR11927435|k99_28743_2	GH20.ADV44725.1	65.6	643	216	3	24	663	28	668	5.1e-265	912.9	21.4358009214729	8.84999754051427	0.00825089331951686
SRR11927435|k99_16298_1	GH29.SCM55387.1	55.7	677	291	4	1	673	18	689	4.6e-221	766.9	22.0172058104037	8.88532740810351	0.00832833640963992
SRR11927434|k99_21832_1	WP_035456300.1	52.3	453	212	4	18	466	21	473	1.9e-141	501.9	16.3765044522867	8.44257924095254	0.0084736858570126
SRR11927434|k99_22179_1	GH31.BCJ98925.1	84.5	673	103	1	1	673	1	672	0.0e+00	1243.8	12.8303331908435	8.06776823023576	0.00868007833465353
SRR11927435|k99_44426_1	WP_159749506.1	84.5	413	64	0	1	413	1	413	1.0e-218	758.4	5.71722643476096	6.60645936994452	0.00878013068188424
SRR11927438|k99_32172_1	GH3.QFK71386.1	52.5	499	232	5	1	499	92	585	5.3e-150	530.4	5.30232852664546	6.74642116296758	0.00884811399391853
SRR11927437|k99_7199_9	GH89.UHZ88335.1	64.6	715	250	2	2	713	4	718	4.6e-296	1016.1	18.8939942822996	8.67382725864937	0.00888847602644722
SRR11927437|k99_11494_10	WP_251619867.1	82.8	686	118	0	1	686	13	698	0.0e+00	1184.9	18.7981823039626	8.65989215782335	0.0089472502068735
SRR11927436|k99_1352_2	GH89.UHZ88335.1	64.5	715	251	2	2	713	4	718	1.1e-294	1011.5	20.1298621681314	8.75489437825572	0.00920203189555
SRR11927435|k99_40375_1	GH33.UNY97738.1	49.0	535	253	4	4	519	1	534	4.5e-152	537.3	15.0982267746373	8.31489857830256	0.00957420744988063
SRR11927458|k99_9250_4	GH36.AXM89529.1	52.7	573	269	1	1	573	1	571	6.7e-181	633.3	4.28780686566023	5.76391771058625	0.00975603002272838
SRR11927437|k99_8951_1	GH110.UVR07205.1	68.6	586	183	1	5	590	8	592	1.1e-253	875.2	16.2968278484831	8.43296627974639	0.009780109159072
SRR11927434|k99_21879_2	GH29.SCM55387.1	55.1	691	301	4	3	689	4	689	6.1e-221	766.5	21.9044609467409	8.86550651671934	0.0100222572990485
SRR11927439|k99_29155_1	GH29.UOX56747.1	79.8	346	70	0	1	346	71	416	3.2e-178	623.6	5.45143205200403	6.88193580096716	0.0101606970780045
SRR11927435|k99_43027_3	GH36.CUA16889.1	69.2	697	212	3	9	704	25	719	9.1e-305	1045.0	20.7109103420809	8.78486650707498	0.0105155941741826
SRR11927457|k99_6636_2	GH31.SET57305.1	90.8	991	91	0	40	1030	1	991	0.0e+00	1865.1	33.1832780162919	-9.30679094340351	0.0107764785137453
SRR11927434|k99_23966_3	GH20.ADV44725.1	65.6	643	216	3	24	663	28	668	3.9e-265	913.3	23.5566842987956	8.99196315749511	0.0112070280197648
SRR11927461|k99_8889_2	GH31.SET57319.1	88.6	1276	146	0	1	1276	1	1276	0.0e+00	2298.1	33.4273445842928	-9.29194476081256	0.0114595127261743
SRR11927435|k99_26216_1	WP_235229377.1	59.3	221	82	3	51	271	51	263	9.8e-66	249.6	4.16535760269686	6.46194145088737	0.011476876818118
SRR11927435|k99_38651_2	GH20.QIL41543.1	48.8	744	351	7	39	776	57	776	1.1e-207	722.6	22.2511950132991	8.91203039279894	0.0115154800837071
SRR11927435|k99_25749_1	WP_213348847.1	80.8	594	104	4	20	612	1	585	2.1e-294	1010.4	9.40084039146021	7.45375757847247	0.011589101382408
SRR11927436|k99_19421_2	GH20.QIL41543.1	48.8	744	351	7	39	776	57	776	1.1e-207	722.6	22.1648850864834	8.90533662455662	0.0116189554723591
SRR11927448|k99_14034_2	GH3.XHR92735.1	41.3	595	312	9	161	748	2	566	1.6e-126	453.0	17.0678132704448	6.08259291123252	0.0116892305145639
SRR11927435|k99_42720_1	GH20.QDM08718.1	69.9	542	159	4	1	539	1	541	1.7e-229	794.7	16.0746067782968	8.42685662805487	0.0122505900996978
SRR11927435|k99_11385_2	GH89.UHZ88335.1	64.6	715	250	2	2	713	4	718	4.6e-296	1016.1	20.543332579919	8.79671682345853	0.012785347333524
SRR11927437|k99_15801_8	GH20.QIL41543.1	48.8	744	351	7	39	776	57	776	1.1e-207	722.6	20.5280489403604	8.79476201751503	0.0127927993055705
SRR11927463|k99_32439_1	GH123.SDS51008.1	40.9	601	315	6	33	629	37	601	4.1e-137	488.0	8.27550019932948	7.42444970846362	0.0129401792952792
SRR11927437|k99_19083_33	GH20.ADV44725.1	65.6	643	216	3	24	663	28	668	5.1e-265	912.9	22.365991083354	8.91332833282543	0.0129457134581666
SRR11927434|k99_12511_3	WP_245820198.1	57.5	676	287	0	4	679	20	695	1.3e-231	802.0	22.626720565752	8.92442640206342	0.0131048610752204
SRR11927436|k99_13408_2	GH2.WIO73987.1	44.4	667	341	11	8	650	18	678	7.3e-155	547.0	19.5018531663416	8.72151977919562	0.0131303624823872
SRR11927436|k99_6364_3	AAO79736.1	69.3	495	150	2	10	503	27	520	2.2e-204	711.1	10.9377378065195	7.85579357775191	0.0132753661840798
SRR11927463|k99_35083_2	GH31.BCJ98925.1	84.4	673	104	1	1	673	1	672	0.0e+00	1241.1	11.5209802095528	7.92946071687865	0.0134339819827828
SRR11927434|k99_21279_4	GH2.WIO73987.1	45.3	587	300	8	1	570	96	678	3.7e-142	504.6	19.2813621629252	8.70417182197183	0.0135147382949495
SRR11927463|k99_17548_4	WP_083535713.1	65.1	747	251	7	211	950	24	767	1.8e-295	1014.6	29.1112279225808	9.30067493240172	0.0138271868621068
SRR11927434|k99_5661_1	WP_251619867.1	82.4	686	121	0	1	686	13	698	0.0e+00	1177.5	18.5186945478682	8.64193680633306	0.0139008506753529
SRR11927463|k99_23681_32	GH2.WIO73987.1	44.5	667	340	11	8	650	18	678	1.9e-155	548.9	18.3946501263723	8.6361122114797	0.0142764258842183
SRR11927437|k99_18799_2	GH2.UWP48101.1	67.9	834	263	2	18	846	1	834	0.0e+00	1228.8	27.6209539005446	9.22480762751333	0.0144958451236704
SRR11927434|k99_23236_1	GH2.UWP48101.1	69.0	816	251	1	14	827	19	834	0.0e+00	1236.1	27.8393645788097	9.2362034324499	0.0145050219274122
SRR11927437|k99_17141_14	WP_083535713.1	64.7	747	254	7	211	950	24	767	3.4e-294	1010.4	26.834745378826	9.18311948041302	0.0147178219211901
SRR11927463|k99_29355_21	GH2.UWP48101.1	68.1	834	261	2	1	829	1	834	0.0e+00	1235.7	26.7621406560892	9.17925762641694	0.0148874570779147
SRR11927434|k99_23941_8	GH36.ADL06712.1	46.8	714	376	2	1	710	1	714	3.3e-201	701.0	12.6488591889202	8.08460787244413	0.015405298328033
SRR11927434|k99_7643_1	GH20.QRO51603.1	59.3	749	299	4	12	758	10	754	3.5e-270	930.2	25.9975916133328	9.1375054099059	0.0156868812571462
SRR11927434|k99_6113_4	WP_066402067.1	74.6	710	179	1	3	711	2	711	0.0e+00	1128.6	25.5641054632032	9.1132345287371	0.0157376026633373
SRR11927448|k99_12179_1	GH129.XKQ18713.1	59.3	629	254	2	3	631	1	627	2.8e-244	844.0	12.9410014567408	5.62183723229386	0.0157743941822002
SRR11927463|k99_7511_4	GH89.UHZ88335.1	64.9	715	248	2	2	713	4	718	9.2e-297	1018.5	26.0216327396939	9.13882596674661	0.0157813326172814
SRR11927463|k99_27630_6	WP_251619867.1	82.4	686	121	0	1	686	13	698	0.0e+00	1177.5	16.5366774935991	8.48002627753111	0.0160713282154694
SRR11927435|k99_17355_1	GH2.QLK83006.1	70.4	776	229	1	1	775	58	833	0.0e+00	1183.7	24.324615124022	9.04147792021882	0.01645186472231
SRR11927436|k99_20693_1	GH2.UWP48101.1	68.1	834	261	2	6	834	1	834	0.0e+00	1235.7	23.962170327604	9.01967414143837	0.0166196883135771
SRR11927463|k99_30952_6	GH2.CBL02867.1	64.7	1033	350	6	1	1024	1	1027	0.0e+00	1415.6	13.4896220917736	8.16297962276752	0.0166436822956849
SRR11927463|k99_18987_3	WP_066402067.1	74.6	710	179	1	3	711	2	711	0.0e+00	1128.6	24.2994680177305	9.040048072365	0.0167098553842605
SRR11927463|k99_7162_2	GH42.UTB41899.1	52.0	698	293	7	1	695	1	659	5.2e-212	736.9	12.16970095715	8.02129154840594	0.0168020554383137
SRR11927434|k99_2404_4	GH89.UHZ88335.1	64.9	715	248	2	2	713	4	718	9.2e-297	1018.5	24.3876150549581	9.0452831895512	0.0169561844383923
SRR11927463|k99_940_15	GH20.QRO51603.1	59.3	749	299	4	12	758	10	754	3.5e-270	930.2	23.7369072018531	9.00628319115749	0.0172902455067342
SRR11927434|k99_1650_9	GH20.UVQ48142.1	59.0	478	192	2	60	535	68	543	8.5e-178	622.9	16.0086679361592	8.42916412741271	0.0174240832740135
SRR11927435|k99_44925_1	GH20.QRO51603.1	59.3	749	299	4	13	759	10	754	7.1e-271	932.6	23.2208317171735	8.97443587135532	0.0174347946003682
SRR11927435|k99_34748_3	WP_066402067.1	74.5	710	180	1	3	711	2	711	0.0e+00	1126.7	22.3963129541913	8.92229581989319	0.0180291860741093
SRR11927437|k99_15596_10	WP_066402067.1	74.5	710	180	1	3	711	2	711	0.0e+00	1126.7	21.856187715931	8.88707081227418	0.0183321886916904
SRR11927463|k99_16295_25	GH123.UYU49224.1	52.8	602	268	6	1	589	1	599	5.6e-191	666.8	21.2362915229343	8.8456090191964	0.0188214251385111
SRR11927437|k99_18703_10	GH20.QRO51603.1	59.3	749	299	4	12	758	10	754	7.1e-271	932.6	21.6413779187322	8.8728548964337	0.0190818524158292
SRR11927434|k99_17494_7	GH109.QUU07859.1	82.6	470	79	2	1	468	2	470	3.4e-239	826.6	13.7544024333958	8.21608897386322	0.0193442367138172
SRR11927435|k99_12387_3	WP_021986762.1	76.7	322	75	0	2	323	3	324	2.1e-147	521.2	9.09521274764295	7.60956035556461	0.0197824355883315
SRR11927462|k99_11060_4	GH31.BCJ98925.1	80.2	673	132	1	1	673	1	672	0.0e+00	1202.6	12.0920246528868	7.65321034067049	0.0198048766596703
SRR11927437|k99_15512_27	GH2.WIO73987.1	44.5	667	340	11	8	650	18	678	3.3e-155	548.1	19.9188315504327	8.75317693625768	0.0201160232034571
SRR11927437|k99_19075_2	GH123.UYU49224.1	52.8	602	268	6	1	589	1	599	5.6e-191	666.8	19.4676496580708	8.72011504881401	0.0202018460522963
SRR11927435|k99_13253_1	WP_242965037.1	52.1	351	166	2	2	351	34	383	1.3e-97	355.9	4.83791541227998	6.55476924337589	0.020220347758096
SRR11927434|k99_16198_9	GH3.ALJ01444.1	40.9	536	310	4	27	557	23	556	2.8e-113	408.7	19.7635687033683	8.74199110206493	0.0202774037514449
SRR11927437|k99_16200_1	GH109.QUU07859.1	82.6	470	79	2	1	468	2	470	9.8e-239	825.1	12.6375843566662	8.09527952761531	0.0205514699472633
SRR11927435|k99_8842_4	GH3.CBL13854.1	67.1	486	151	2	1	477	83	568	4.6e-191	666.8	8.25806350692885	5.61690674399796	0.020659979865462
SRR11927463|k99_23681_15	AAO78901.1	66.6	497	163	1	19	515	24	517	2.0e-208	724.5	19.1681586648506	8.69784998892339	0.0208294990511036
SRR11927435|k99_10101_2	GH123.UVR24459.1	56.5	559	237	5	26	580	26	582	1.2e-188	659.1	18.4857564057192	8.64547176673068	0.0213453757397486
SRR11927435|k99_42931_1	GH3.ALJ01444.1	40.3	534	316	3	27	557	23	556	3.0e-113	408.7	18.662183558802	8.65916972653186	0.0215449917109321
SRR11927434|k99_20597_4	GH33.UNY97738.1	48.8	535	254	4	1	516	1	534	5.9e-152	537.0	18.4536819263286	8.64309438521643	0.02182774808286
SRR11927434|k99_23344_1	AAO78283.1	67.0	521	162	5	4	521	1	514	1.0e-212	738.8	17.5016155270026	8.56660405574177	0.0222914028316041
SRR11927434|k99_2616_6	AAO78901.1	66.6	497	163	1	19	515	24	517	2.0e-208	724.5	17.5370404154634	8.56954652549601	0.0224924382556411
SRR11927463|k99_34318_16	GH33.UNY97738.1	48.8	535	254	4	1	516	1	534	5.9e-152	537.0	17.7148771177661	8.58419039998142	0.0229503132881645
SRR11927463|k99_13993_3	GH2.BCK00272.1	59.0	875	299	7	1	875	1	815	0.0e+00	1083.2	13.8732023949141	8.2108305763305	0.0232531820578803
SRR11927448|k99_12486_1	GH2.ASB39606.1	68.0	618	198	0	1	618	1	618	8.9e-272	935.3	3.49055838316606	5.46200835812653	0.0238133586061879
SRR11927437|k99_3070_3	GH33.UNY97738.1	49.0	535	253	4	1	516	1	534	4.5e-152	537.3	16.7193642545252	8.50056116861224	0.0238180514564369
SRR11927437|k99_4101_26	AAO78283.1	67.0	521	162	5	3	520	1	514	1.0e-212	738.8	16.2895478427386	8.46302906912381	0.0241775124328184
SRR11927463|k99_9918_7	GH20.UVQ48142.1	59.0	478	192	2	59	534	68	543	8.5e-178	622.9	16.8185605503168	8.50932905203725	0.0242428886326071
SRR11927436|k99_15616_2	AAO78901.1	66.6	497	163	1	19	515	24	517	2.0e-208	724.5	15.9038157302496	8.42828500476555	0.024306883085295
SRR11927435|k99_25034_1	GH3.WEB20631.1	49.0	304	153	2	1	303	101	403	1.1e-83	309.7	5.02713344909682	6.47079529915725	0.0243146178967784
SRR11927435|k99_8500_1	GH20.UVQ48142.1	59.2	478	191	2	57	532	68	543	3.4e-179	627.5	16.0971974835084	8.44585064117364	0.0243336539858003
SRR11927463|k99_20769_6	GH36.ADL06712.1	46.8	714	376	2	1	710	1	714	3.3e-201	701.0	12.3329109430524	8.04777495593942	0.024417150246957
SRR11927435|k99_20395_6	AAO78901.1	66.4	497	164	1	19	515	24	517	1.3e-207	721.8	15.8856988774499	8.42680803886464	0.0244522125031473
SRR11927437|k99_15512_10	AAO78901.1	66.4	497	164	1	19	515	24	517	1.3e-207	721.8	15.9441246768515	8.43209724102462	0.0245331269408234
SRR11927463|k99_34927_1	GH20.QUL56848.1	43.6	601	307	10	1	580	1	590	1.8e-133	475.7	7.3891680477925	7.22630988293729	0.0246276318600911
SRR11927463|k99_15307_17	AAO78283.1	67.0	521	162	5	3	520	1	514	7.9e-213	739.2	15.8163155641175	8.42059345184409	0.0247747537524896
SRR11927435|k99_5671_1	GH3.QOV19927.1	54.1	414	188	2	4	415	92	505	3.1e-119	427.9	4.67893012482687	6.57254567850374	0.0248298722778754
SRR11927436|k99_20028_2	GH123.UYU49224.1	55.8	527	230	2	1	525	74	599	1.0e-183	642.5	15.5967034481582	8.4002824988932	0.0248595206703645
SRR11927435|k99_24409_1	WP_073103539.1	57.4	373	151	4	2	373	35	400	3.8e-116	417.5	4.35218525618935	6.48394282684646	0.0248814143386911
SRR11927462|k99_28162_1	WP_048621587.1	60.1	341	133	2	119	458	38	376	1.0e-110	399.8	4.95579227632714	6.73916457974724	0.0249718925279538
SRR11927434|k99_23063_3	GH123.QCT76299.1	58.5	484	200	1	12	494	130	613	7.8e-178	622.9	15.1801981592715	8.36128144656874	0.0254025278432047
SRR11927448|k99_5246_3	GH95.UWP64982.1	58.6	780	303	7	1	773	1	767	1.9e-274	944.5	4.7293765442276	6.36419188513947	0.0255808599996855
SRR11927435|k99_34311_1	AAO78283.1	67.0	521	162	5	3	520	1	514	1.0e-212	738.8	15.1437641680818	8.35779579962425	0.0256263468062645
SRR11927436|k99_4102_1	GH33.UNY97738.1	49.1	529	249	4	2	511	4	531	2.4e-150	531.6	15.0488142072049	8.34853442269067	0.0256787339198971
SRR11927436|k99_23920_4	AAO78283.1	67.1	519	161	5	2	517	3	514	3.0e-212	737.3	15.0591165320394	8.34946652220181	0.0256820619935721
SRR11927434|k99_22641_3	WP_021986762.1	76.5	324	76	0	1	324	1	324	5.5e-148	523.1	9.87971173983983	7.73404725887362	0.0261338709078027
SRR11927437|k99_15701_8	GH31.QUT32557.1	51.3	760	362	3	2	756	4	760	1.9e-228	791.6	13.2007792037436	8.13861447994699	0.0261840067355153
SRR11927437|k99_15801_9	GH20.UVQ48142.1	59.2	478	191	2	59	534	68	543	3.5e-179	627.5	14.7419122998286	8.31902032933288	0.0265460779868184
SRR11927437|k99_16746_5	GH20.UWN65040.1	68.7	719	220	3	1	716	3	719	1.3e-303	1041.2	13.4902801229704	8.1614267244354	0.026807913585278
SRR11927448|k99_7906_1	GH42.BDF44884.1	78.3	572	124	0	4	575	5	576	6.7e-290	995.3	8.98327316216739	5.72635688685723	0.0269707938856009
SRR11927434|k99_23996_3	GH84.UHZ87400.1	51.2	731	349	6	4	728	5	733	1.6e-223	775.4	8.23115722892848	7.29033576942217	0.0273561754794729
SRR11927463|k99_7667_3	GH42.BBF45276.1	68.6	672	209	2	1	670	1	672	2.0e-293	1007.3	11.2605933724852	7.90752607171555	0.0274888896265758
SRR11927462|k99_25914_1	GH36.AXM89529.1	52.5	611	285	3	1	607	107	716	2.5e-189	661.4	6.2057457880859	6.98940226106758	0.0276694228923559
SRR11927463|k99_193_9	WP_021986762.1	76.5	324	76	0	1	324	1	324	5.5e-148	523.1	9.26628320911005	7.64089401405239	0.0283419787667991
SRR11927437|k99_6140_1	GH2.AWZ38459.1	88.2	934	110	0	1	934	64	997	0.0e+00	1755.0	14.1487377380232	8.25958183282814	0.0284592297079891
SRR11927435|k99_273_2	GH109.QUU07859.1	83.9	460	71	2	5	462	12	470	2.8e-238	823.5	13.2298775442959	8.16286391002433	0.0287066200743266
SRR11927436|k99_13938_1	WP_083535713.1	69.0	564	168	4	1	559	206	767	9.7e-241	832.0	12.9006372021592	8.12626827130134	0.0293307015356145
SRR11927436|k99_7687_2	WP_035456300.1	52.1	463	218	4	18	476	21	483	2.1e-143	508.4	13.0568377601172	8.14338839845023	0.0293388944597395
SRR11927455|k99_10011_10	GH2.BCJ95530.1	40.7	1075	522	13	36	1009	69	1129	5.4e-250	863.6	21.4171935501285	-8.75869101153237	0.0297047953199303
SRR11927463|k99_19054_7	GH109.QUU07859.1	82.6	470	79	2	1	468	2	470	3.4e-239	826.6	12.7755651996278	8.11259013075717	0.0297145064824253
SRR11927451|k99_3149_2	WP_251214447.1	81.3	663	117	2	1	658	1	661	0.0e+00	1124.8	8.74237478032113	7.51608755507971	0.0298547253330094
SRR11927463|k99_13671_2	GH36.AVM41756.1	56.1	690	299	2	1	690	36	721	8.9e-244	842.4	13.1867801283227	8.15834005696648	0.0301071122540073
SRR11927448|k99_3777_1	GH31.QBE95714.1	63.9	665	240	0	4	668	1	665	1.1e-272	938.3	4.26662076282638	5.61984264802679	0.0307379839529414
SRR11927440|k99_2699_3	WP_004842794.1	63.2	799	285	4	1	793	1	796	1.5e-311	1067.8	10.8811902442099	7.85834363314348	0.0309701535855464
SRR11927437|k99_13884_9	WP_021986762.1	76.5	324	76	0	1	324	1	324	5.5e-148	523.1	9.04790642347902	7.5971915751912	0.0313651078045909
SRR11927437|k99_4127_2	WP_202856239.1	45.6	375	195	6	27	400	40	406	9.5e-97	353.2	7.20846491410647	7.24874319951812	0.0313658915116105
SRR11927434|k99_7970_2	GH29.BDF54907.1	70.4	423	119	2	8	430	12	428	1.9e-191	667.9	11.9707640750799	8.01871253074543	0.0313979494157442
SRR11927463|k99_22510_8	GH84.UHZ87400.1	51.2	731	349	6	4	728	5	733	1.6e-223	775.4	8.63499294907848	7.23195095067187	0.0316628536557916
SRR11927451|k99_275_1	WP_158662669.1	53.2	310	145	0	2	311	48	357	1.7e-85	315.5	4.85299757272729	6.71699470500535	0.0316857690856864
SRR11927463|k99_1077_2	GH31.AZO95768.1	64.9	763	267	1	1	763	1	762	5.5e-311	1065.8	12.6522100257359	8.09396619261845	0.0327649907793535
SRR11927437|k99_19083_42	GH29.BDF54907.1	70.4	423	119	2	8	430	12	428	1.9e-191	667.9	11.5708802237944	7.96951020835698	0.032824448231845
SRR11927434|k99_14596_7	GH36.AVM41756.1	55.2	726	320	3	1	726	1	721	9.3e-252	869.0	12.9493747033486	8.12100958736879	0.0330070310564587
SRR11927435|k99_2153_1	WP_390108768.1	43.5	437	214	5	38	473	33	437	4.9e-92	337.8	5.4906514079111	6.87948725084966	0.0331718194250396
SRR11927461|k99_2543_69	GH36.QEI32555.1	58.3	741	300	2	1	734	1	739	2.1e-267	921.0	22.6898060811467	-8.66133050875322	0.0332217205493811
SRR11927448|k99_12256_1	GH31.UMZ00779.1	53.9	757	333	5	1	754	1	744	1.4e-258	891.7	3.47873470461681	5.75125859380523	0.0335159542459475
SRR11927462|k99_18722_2	WP_118209765.1	44.5	391	199	7	60	450	36	408	8.4e-85	313.9	5.33281671839343	6.84578759862464	0.0336102821632055
SRR11927436|k99_9043_1	WP_021986762.1	76.5	324	76	0	1	324	1	324	5.5e-148	523.1	7.52411102434994	7.34287144397753	0.033611431156664
SRR11927437|k99_19757_1	GH36.AWZ38451.1	90.3	732	71	0	1	732	1	732	0.0e+00	1372.8	11.2455709740129	7.92817818922556	0.0339224094308284
SRR11927439|k99_27300_1	GH31.BCJ98925.1	84.7	515	78	1	1	515	1	514	5.5e-275	945.7	8.55886519177664	7.51256033390876	0.0340731959175371
SRR11927453|k119_7808_25	GH31.WAJ23728.1	99.5	808	4	0	1	808	1	808	0.0e+00	1721.1	20.4868585694104	-8.55907189504357	0.0341876283966978
SRR11927461|k99_1792_11	GH2.SET68766.1	80.0	1008	200	1	1	1008	1	1006	0.0e+00	1739.2	19.5640357281072	-8.5219996361942	0.0342719171205008
SRR11927463|k99_27085_7	GH29.BDF54907.1	70.4	423	119	2	8	430	12	428	1.9e-191	667.9	10.7825330123208	7.86786414979183	0.0343322166794838
SRR11927436|k99_27074_1	GH95.UJH92689.1	42.1	378	217	2	22	398	13	389	7.9e-88	323.6	10.8246750853497	7.87294188311642	0.0343467957272153
SRR11927463|k99_1673_1	WP_251317632.1	59.4	308	124	1	4	311	1	307	1.2e-99	362.5	2.61845118777288	5.56797648201652	0.0344173519352569
SRR11927439|k99_13112_1	GH36.AVM41756.1	57.2	545	232	1	1	545	1	544	4.4e-198	690.3	8.59869218812002	7.51138866060474	0.0349652508295911
SRR11927434|k99_15155_15	GH42.BBF45276.1	68.6	672	209	2	1	670	1	672	2.0e-293	1007.3	11.5821535657112	7.9613461370542	0.0353857504773887
SRR11927435|k99_34067_2	GH29.BDF54907.1	71.8	379	106	1	1	379	51	428	1.2e-173	608.6	10.4185729806443	7.81817815237362	0.035549177038789
SRR11927442|k79_17005_1	GH29.UVQ45368.1	63.9	629	216	6	1	625	62	683	4.4e-242	836.6	17.9916914007412	6.34432855571964	0.0357412540569572
SRR11927463|k99_27085_15	WP_251622525.1	79.5	219	44	1	2	220	1	218	8.2e-103	372.5	5.04823752924127	6.75002815688029	0.0359184965849682
SRR11927453|k119_3241_2	GH36.AVM41756.1	51.6	715	342	2	1	712	1	714	1.8e-223	775.0	18.2195266758842	-8.41685703752534	0.0362543857814768
SRR11927448|k99_16628_1	GH29.UWP24576.1	74.3	459	118	0	1	459	20	478	2.8e-222	770.4	10.5422935757194	5.67768367953828	0.0365398785427609
SRR11927447|k99_9972_2	GH42.WMC93747.1	69.7	666	202	0	1	666	1	666	1.8e-302	1037.3	9.68436356565554	5.64127621417807	0.0365736055973866
SRR11927445|k99_278_3	GH36.AVM41756.1	51.6	715	342	2	1	712	1	714	1.8e-223	775.0	17.8420528965385	-8.386207867927	0.0368901099492121
SRR11927449|k99_3433_1	GH29.UVQ45368.1	63.8	687	237	7	3	684	4	683	5.3e-265	912.9	20.4190929600135	6.30019314552687	0.037074618062613
SRR11927463|k99_7583_1	GH3.QPB43581.1	52.1	449	206	5	1	449	147	586	1.0e-131	469.5	5.50910991681874	6.71281406902879	0.0376941366026821
SRR11927463|k99_14702_2	GH29.WMJ85708.1	57.7	402	169	1	9	409	8	409	5.4e-148	523.5	4.55957120158401	6.61349966380805	0.03773856209066
SRR11927438|k99_16753_1	WP_118209765.1	44.5	391	199	7	34	424	36	408	7.9e-85	313.9	4.9108563746011	6.7255701027248	0.0378606081698224
SRR11927451|k99_6904_6	GH20.UWN66573.1	63.4	560	188	3	3	561	1	544	4.5e-206	716.8	7.47590853754624	7.32446707671586	0.038040770979164
SRR11927448|k99_9335_12	GH29.UVQ45368.1	63.8	687	237	7	3	684	4	683	6.9e-265	912.5	21.7065292695359	6.28020799459338	0.0388237261134737
SRR11927437|k99_13682_3	WP_107032344.1	77.2	377	85	1	1	376	1	377	2.7e-186	650.6	7.61031476118293	7.34412568967279	0.0391388595220828
SRR11927437|k99_4538_1	GH2.QDH54196.1	57.2	888	363	9	3	875	6	891	1.4e-302	1038.1	12.1084021475242	8.01523694406675	0.0394915348557471
SRR11927463|k99_20773_2	GH31.QBE97771.1	80.7	636	123	0	1	636	1	636	0.0e+00	1109.0	9.88877210132345	7.73715894037056	0.0396139835815256
SRR11927448|k99_7393_5	GH20.ALK86219.1	71.4	775	220	2	1	774	1	774	0.0e+00	1181.8	22.2018735148108	6.28382374871016	0.0397120384142572
SRR11927455|k99_6818_21	GH36.AII74158.1	41.8	641	363	6	49	683	49	685	2.8e-152	538.5	15.702466311309	-8.18443252675354	0.0399185399789812
SRR11927435|k99_43281_3	GH35.QRT50979.1	52.8	534	230	4	1	534	1	512	2.3e-167	588.2	7.44402289784413	5.09221413552131	0.0404487193529886
SRR11927435|k99_21361_2	WP_107032344.1	77.2	377	85	1	1	376	1	377	2.7e-186	650.6	7.45986206353899	7.3093572167872	0.0409157915321864
SRR11927434|k99_758_18	GH3.UVR10884.1	44.5	584	272	8	14	586	28	570	6.8e-133	474.2	13.9664869200522	8.2411951623638	0.0422087793732946
SRR11927437|k99_15854_3	WP_251573888.1	40.5	368	203	8	35	397	24	380	7.9e-57	220.7	8.43818028026525	7.51374109792293	0.042296262872378
SRR11927434|k99_14270_12	GH31.AZO95768.1	64.9	763	267	1	1	763	1	762	5.5e-311	1065.8	13.6068710434739	8.20350019459046	0.0427640266361675
SRR11927462|k99_4580_8	WP_154518680.1	56.1	401	171	1	1	401	1	396	2.1e-120	431.8	4.48691380722676	6.56833405009078	0.0429847759019342
SRR11927462|k99_20694_2	GH95.BDF43314.1	46.3	827	404	7	5	797	6	826	5.8e-223	773.5	9.78064974562244	7.30309444889443	0.0434450749798556
SRR11927434|k99_13944_2	GH42.UTB41899.1	52.0	698	293	7	1	695	1	659	1.2e-211	735.7	13.2193392531389	8.16185104772384	0.0436944900494936
SRR11927447|k99_7774_1	GH31.QCU03644.1	74.1	661	171	0	1	661	1	661	5.2e-310	1062.4	2.28329673132844	4.51127375437662	0.0437313374858056
SRR11927462|k99_30321_2	GH36.ATP35075.1	46.1	727	390	2	3	728	5	730	8.0e-195	679.9	11.0732005026019	7.33050802882909	0.0438102416759517
SRR11927435|k99_8353_1	WP_251316959.1	77.4	319	70	1	1	319	3	319	3.4e-134	477.2	3.84319015927619	6.28792968117509	0.0445762484392375
SRR11927463|k99_19268_1	WP_118209765.1	44.5	391	199	7	63	453	36	408	8.4e-85	313.9	6.18944352578847	7.03696164159453	0.0445844197285504
SRR11927434|k99_23966_4	WP_251622525.1	79.6	216	43	1	8	223	1	215	7.8e-101	365.9	5.31818564882231	6.84076692200705	0.0452132717791598
SRR11927463|k99_3647_3	WP_186873881.1	55.0	249	104	2	18	266	28	268	7.4e-66	250.0	2.96831924230088	5.9796464328893	0.0453916610975762
SRR11927460|k99_6697_3	GH2.AEF82182.1	58.7	832	324	4	1	828	1	816	5.5e-309	1059.3	15.3273364216539	-7.60918054828386	0.0454030089833795
SRR11927439|k99_24005_31	WP_226386959.1	61.5	309	114	3	23	331	16	319	3.7e-107	387.5	9.01231185477447	7.5996122658457	0.0455845806328478
SRR11927463|k99_35577_1	GH3.UVR10884.1	44.5	584	272	8	14	586	28	570	6.8e-133	474.2	12.3442654691697	8.06304304038175	0.0455890842450827
SRR11927439|k99_34909_1	WP_006856572.1	41.2	364	202	4	67	426	30	385	7.3e-78	290.8	8.17484657820572	7.46138446481891	0.0460454960555947
SRR11927439|k99_7631_8	GH36.AWY99188.1	56.7	730	282	5	4	731	5	702	5.2e-255	879.8	12.0657140272329	8.03004925256448	0.046257364154352
SRR11927435|k99_22097_3	WP_129649671.1	85.4	1172	171	0	5	1176	6	1177	0.0e+00	2130.9	6.75881350894927	6.32302891278765	0.0464304530528935
SRR11927435|k99_28363_1	WP_244324806.1	82.6	236	41	0	13	248	1	236	2.3e-106	384.4	2.26839237257638	5.37262874027039	0.0466944261077873
SRR11927462|k99_24142_5	GH3.WNV56614.1	66.5	349	115	1	73	419	130	478	1.4e-132	472.2	5.09387518667147	6.78740657596083	0.0469381478040613
SRR11927434|k99_14270_14	GH31.QBE97771.1	80.8	636	122	0	1	636	1	636	0.0e+00	1110.9	11.7812256190035	7.99578142014591	0.0477766877640014
SRR11927453|k119_3848_1	GH2.SET68766.1	93.5	1007	65	0	1	1007	1	1007	0.0e+00	2001.1	7.08408981652196	-6.16203309158722	0.0478595903375445
SRR11927450|k99_7452_2	GH29.UVQ45368.1	63.8	687	237	7	3	684	4	683	6.9e-265	912.5	19.3819279736579	5.93098889891799	0.0479994635181502
SRR11927460|k99_4551_19	WP_100307226.1	81.6	374	69	0	1	374	1	374	3.7e-177	620.5	13.7532602956547	-7.45290784263297	0.0487280201862049
SRR11927460|k99_3881_3	WP_170820814.1	93.8	596	35	1	1	594	1	596	0.0e+00	1174.5	14.0528914419323	-7.48400485654969	0.0489035330784423
SRR11927451|k99_10730_1	GH2.BCA48697.1	62.5	706	258	4	1	700	199	903	2.1e-285	980.7	8.31666752375457	7.47963315801866	0.0490253271329356
SRR11927439|k99_19523_5	WP_246223864.1	51.8	760	342	10	1	747	2	750	3.8e-224	777.3	3.52977822463888	5.8615641516607	0.0496339689345941
SRR11927439|k99_10834_3	GH31.QBE97771.1	80.7	636	123	0	1	636	1	636	0.0e+00	1109.0	10.8897960485416	7.88213697960444	0.0496946920034619
SRR11927461|k99_5091_2	GH2.SET94562.1	88.3	1017	119	0	1	1017	1	1017	0.0e+00	1920.6	6.66846812574869	-6.39372113210071	0.0497473779823237
SRR11927463|k99_31628_1	GH3.UWP68455.1	57.7	366	146	4	40	396	46	411	1.5e-107	389.0	4.50931367464005	6.54419769328485	0.0499808154817754
SRR11927463|k99_36309_2	GH2.WP_055167711.1	61.0	654	241	5	1	647	1	647	2.3e-241	834.3	6.7817932246446	7.19901129311392	0.0499827138292219
