Gene	log2FoldChange	MAG_protein	Sialic_hit	Identity	Query_cov	Subject_cov	Evalue	Bitscore	Condition	Bin	Taxonomy
SRR10507663|k141_2018_67	30	diarrheaCDIneg_DASTool_bins_SemiBin_28|k141_1019_22	nanE|nanE_26011_bv	100.0	99.6	93.4	2.0e-121	437.2	diarrheaCDIneg	SemiBin_28	Enterococcus_B faecium
SRR10507663|k141_7482_2	30	diarrheaCDIneg_DASTool_bins_SemiBin_28|k141_47025_16	nanK|nanK_30939_bv	98.3	79.3	100.0	9.5e-132	471.9	diarrheaCDIneg	SemiBin_28	Enterococcus_B faecium
SRR10507661|k141_10280_52	30	diarrheaCDIneg_DASTool_bins_SemiBin_28|k141_47025_16	nanK|nanK_30939_bv	98.3	79.3	100.0	9.5e-132	471.9	diarrheaCDIneg	SemiBin_28	Enterococcus_B faecium
SRR10507661|k141_8349_4	30	diarrheaCDIneg_DASTool_bins_SemiBin_28|k141_14110_4	kpsM|kpsM_209_bv	42.5	96.3	96.0	4.4e-59	230.3	diarrheaCDIneg	SemiBin_28	Enterococcus_B faecium
SRR10507662|k141_13867_69	23.1742297915681	diarrheaCDIneg_DASTool_bins_bin.5|k141_63869_68	nanU|nanU_45837_bv	73.6	99.8	100.0	8.2e-246	851.7	diarrheaCDIneg	bin.5	Parabacteroides distasonis
SRR10507662|k141_44351_214	21.4741572143905	diarrheaCDIneg_DASTool_bins_SemiBin_60|k141_20223_153	nanR|nanR_1411_uniprot	43.8	98.8	98.8	6.6e-114	413.3	diarrheaCDIneg	SemiBin_60	Enterocloster bolteae
SRR10507662|k141_38285_64	23.2146750212448	diarrheaCDIneg_DASTool_bins_bin.5|k141_15269_162	nanU|nanU_291680_bv	42.8	99.0	98.2	1.1e-116	422.5	diarrheaCDIneg	bin.5	Parabacteroides distasonis
SRR10507655|k141_93115_2	-19.988692319598	control_DASTool_bins_SemiBin_185|k141_174884_44	nanU|nanU_645800_bv	99.6	99.8	99.4	0.0e+00	1076.6	control	SemiBin_185	Parabacteroides distasonis
SRR10507658|k141_13788_82	-20.2690568605911	control_DASTool_bins_SemiBin_185|k141_256763_83	nanU|nanU_481889_bv	100.0	99.8	99.8	0.0e+00	1110.1	control	SemiBin_185	Parabacteroides distasonis
SRR10507660|k141_52838_87	22.400908070487	diarrheaCDIneg_DASTool_bins_bin.5|k141_63869_68	nanU|nanU_45837_bv	73.6	99.8	100.0	8.2e-246	851.7	diarrheaCDIneg	bin.5	Parabacteroides distasonis
SRR10507665|k141_51859_58	22.1104549052141	CDIpos_DASTool_bins_bin.71|k141_78823_12	nanU|nanU_291680_bv	42.6	99.0	98.2	1.2e-115	419.1	CDIpos	bin.71	Parabacteroides distasonis
SRR10507658|k141_3147_40	20.8203932219492	CDIpos_DASTool_bins_bin.2|k141_97161_5	siaP|siaP_733330_bv	100.0	72.6	96.4	1.5e-130	468.0	CDIpos	bin.2	Escherichia coli
SRR10507666|k141_18488_53	22.2221242398462	CDIpos_DASTool_bins_bin.2|k141_140806_51	ompF|ompF_6607_bv	100.0	99.7	97.4	3.2e-217	756.1	CDIpos	bin.2	Escherichia coli
SRR10507662|k141_48623_95	23.0360226309748	CDIpos_DASTool_bins_bin.2|k141_127706_115	satD|WP_115412169.1	40.0	84.6	75.4	4.1e-32	140.6	CDIpos	bin.2	Escherichia coli
SRR10507662|k141_51282_25	21.8664548174481	CDIpos_DASTool_bins_bin.71|k141_92792_5	nanQ|nanQ_634_uniprot	100.0	99.3	100.0	3.2e-83	309.7	CDIpos	bin.71	Parabacteroides distasonis
SRR10507656|k141_32052_20	-21.2771197340789	CDIpos_DASTool_bins_SemiBin_49|k141_88759_7	nanU|nanU_256107_bv	40.8	98.8	99.8	5.2e-102	374.0	CDIpos	SemiBin_49	Phocaeicola vulgatus
SRR10507660|k141_48859_76	22.6233127531335	diarrheaCDIneg_DASTool_bins_bin.5|k141_66635_7	nanU|nanU_44722_bv	99.4	97.2	100.0	3.9e-301	1035.4	diarrheaCDIneg	bin.5	Parabacteroides distasonis
SRR10507666|k141_12523_41	20.7544599416551	CDIpos_DASTool_bins_bin.2|k141_97161_5	siaP|siaP_733330_bv	100.0	72.6	96.4	1.5e-130	468.0	CDIpos	bin.2	Escherichia coli
SRR10507658|k141_3147_41	20.3710520978439	CDIpos_DASTool_bins_bin.2|k141_97161_4	siaQ|siaQ_388033_bv	100.0	99.4	97.7	1.1e-81	304.7	CDIpos	bin.2	Escherichia coli
SRR10507663|k141_15683_42	17.3451951093724	diarrheaCDIneg_DASTool_bins_SemiBin_28|k141_9293_37	nanK|nanK_1618_bv	40.0	97.5	98.4	9.3e-48	193.0	diarrheaCDIneg	SemiBin_28	Enterococcus_B faecium
SRR10507660|k141_22279_21	-20.1394143319626	CDIpos_DASTool_bins_SemiBin_9_sub|k141_107608_6	nanU|nanU_554903_bv	53.7	97.4	97.2	1.3e-166	588.6	CDIpos	SemiBin_9_sub	Bacteroides salyersiae
SRR10507666|k141_12523_43	20.4004066592971	CDIpos_DASTool_bins_bin.2|k141_97161_3	siaM|siaM_3328_bv	100.0	99.8	100.0	1.8e-227	790.4	CDIpos	bin.2	Escherichia coli
SRR10507660|k141_53655_10	-19.2429089786997	CDIpos_DASTool_bins_SemiBin_9_sub|k141_125427_2	nanU|nanU_140524_bv	49.4	97.5	99.0	3.2e-127	457.6	CDIpos	SemiBin_9_sub	Bacteroides salyersiae
SRR10507665|k141_57414_10	-19.2041166240238	CDIpos_DASTool_bins_SemiBin_9_sub|k141_125427_2	nanU|nanU_140524_bv	49.4	97.5	99.0	3.2e-127	457.6	CDIpos	SemiBin_9_sub	Bacteroides salyersiae
SRR10507661|k141_14765_6	17.7812867186279	diarrheaCDIneg_DASTool_bins_SemiBin_28|k141_13021_6	nagA|nagA_88277_bv	100.0	99.7	100.0	4.3e-225	782.3	diarrheaCDIneg	SemiBin_28	Enterococcus_B faecium
SRR10507659|k141_10529_42	-21.3676021445446	CDIpos_DASTool_bins_SemiBin_49|k141_107464_31	nanU|nanU_298447_bv	98.2	99.8	100.0	0.0e+00	1124.4	CDIpos	SemiBin_49	Phocaeicola vulgatus
SRR10507666|k141_612_42	-21.3319825910483	CDIpos_DASTool_bins_SemiBin_49|k141_107464_31	nanU|nanU_298447_bv	98.2	99.8	100.0	0.0e+00	1124.4	CDIpos	SemiBin_49	Phocaeicola vulgatus
SRR10507659|k141_49275_2	-20.2102481902107	CDIpos_DASTool_bins_bin.100|k141_12056_2	nanU|nanU_430414_bv	46.8	99.8	99.0	9.4e-158	559.3	CDIpos	bin.100	Phocaeicola massiliensis
SRR10507657|k141_23247_62	-21.2980702677542	CDIpos_DASTool_bins_SemiBin_49|k141_107464_31	nanU|nanU_298447_bv	98.2	99.8	100.0	0.0e+00	1124.4	CDIpos	SemiBin_49	Phocaeicola vulgatus
SRR10507654|k141_23981_5	-20.1680382459693	CDIpos_DASTool_bins_bin.100|k141_12056_2	nanU|nanU_430414_bv	46.8	99.8	99.0	9.4e-158	559.3	CDIpos	bin.100	Phocaeicola massiliensis
SRR10507663|k141_4446_4	16.8214865646957	diarrheaCDIneg_DASTool_bins_SemiBin_28|k141_14110_4	kpsM|kpsM_209_bv	42.5	96.3	96.0	4.4e-59	230.3	diarrheaCDIneg	SemiBin_28	Enterococcus_B faecium
SRR10507656|k141_106844_92	-19.9261771935465	control_DASTool_bins_bin.115|k141_252953_20	nanU|nanU_142022_bv	42.8	97.8	98.6	2.3e-101	371.7	control	bin.115	Bacteroides uniformis
SRR10507666|k141_27510_6	19.6115135478932	CDIpos_DASTool_bins_bin.2|k141_44186_6	satD|WP_207616619.1	45.1	80.0	98.9	3.7e-63	244.2	CDIpos	bin.2	Escherichia coli
SRR10507661|k141_12448_27	17.2414366125549	diarrheaCDIneg_DASTool_bins_SemiBin_28|k141_57669_6	satD|MBW4095910.1	45.1	79.2	95.9	2.0e-58	228.4	diarrheaCDIneg	SemiBin_28	Enterococcus_B faecium
SRR10507655|k141_12089_1	-19.451851846208	control_DASTool_bins_SemiBin_185|k141_97862_2	nanU|nanU_500862_bv	41.0	96.4	96.8	1.4e-96	355.9	control	SemiBin_185	Parabacteroides distasonis
SRR10507655|k141_26940_16	-20.6967242231902	control_DASTool_bins_bin.115|k141_62204_8	nanU|nanU_563802_bv	96.4	99.8	100.0	0.0e+00	1077.8	control	bin.115	Bacteroides uniformis
SRR10507661|k141_25001_32	17.5884253890925	diarrheaCDIneg_DASTool_bins_SemiBin_28|k141_31145_32	siaT|siaT_43096_uniprot	100.0	99.8	100.0	2.3e-219	763.5	diarrheaCDIneg	SemiBin_28	Enterococcus_B faecium
SRR10507653|k141_136459_20	-21.1663472997697	control_DASTool_bins_bin.32|k141_241035_65	nanK|nanK_40_bv	59.1	99.4	99.4	1.4e-104	381.7	control	bin.32	Eubacterium_R sp000434995
SRR10507656|k141_91866_394	-21.1528916167196	control_DASTool_bins_bin.32|k141_241035_65	nanK|nanK_40_bv	59.1	99.4	99.4	1.4e-104	381.7	control	bin.32	Eubacterium_R sp000434995
SRR10507654|k141_17993_91	-19.77790078632	CDIpos_DASTool_bins_bin.100|k141_58618_92	nanU|nanU_42577_bv	77.3	99.8	99.8	4.6e-249	862.4	CDIpos	bin.100	Phocaeicola massiliensis
SRR10507663|k141_71_76	15.8805884517224	diarrheaCDIneg_DASTool_bins_SemiBin_28|k141_13845_30	satD|WP_227924124.1	44.6	81.9	94.8	3.2e-61	237.7	diarrheaCDIneg	SemiBin_28	Enterococcus_B faecium
SRR10507658|k141_31782_21	20.6842094275764	CDIpos_DASTool_bins_bin.2|k141_41201_26	siaT|siaT_19174_uniprot	90.6	99.8	100.0	3.2e-205	716.5	CDIpos	bin.2	Escherichia coli
SRR10507663|k141_14750_21	17.5065569061559	diarrheaCDIneg_DASTool_bins_SemiBin_28|k141_31145_32	siaT|siaT_43096_uniprot	100.0	99.8	100.0	2.3e-219	763.5	diarrheaCDIneg	SemiBin_28	Enterococcus_B faecium
SRR10507661|k141_10409_38	17.4643228099225	diarrheaCDIneg_DASTool_bins_SemiBin_28|k141_9293_37	nanK|nanK_1618_bv	40.0	97.5	98.4	9.3e-48	193.0	diarrheaCDIneg	SemiBin_28	Enterococcus_B faecium
SRR10507660|k141_40245_14	-19.7876614646674	CDIpos_DASTool_bins_SemiBin_9_sub|k141_51032_3	nanU|nanU_592890_bv	99.6	99.8	100.0	3.2e-286	985.7	CDIpos	SemiBin_9_sub	Bacteroides salyersiae
SRR10507661|k141_16962_65	17.7567989726733	diarrheaCDIneg_DASTool_bins_SemiBin_28|k141_13845_30	satD|WP_227924124.1	44.6	81.9	94.8	3.2e-61	237.7	diarrheaCDIneg	SemiBin_28	Enterococcus_B faecium
SRR10507663|k141_9088_44	17.2738905870936	diarrheaCDIneg_DASTool_bins_SemiBin_28|k141_57669_6	satD|MBW4095910.1	45.1	79.2	95.9	2.0e-58	228.4	diarrheaCDIneg	SemiBin_28	Enterococcus_B faecium
SRR10507661|k141_10104_71	16.2796234494411	diarrheaCDIneg_DASTool_bins_SemiBin_28|k141_36726_5	satD|WP_436072170.1	40.5	70.7	95.3	5.1e-39	164.1	diarrheaCDIneg	SemiBin_28	Enterococcus_B faecium
SRR10507663|k141_331_8	17.7675172793704	diarrheaCDIneg_DASTool_bins_SemiBin_28|k141_13021_6	nagA|nagA_88277_bv	100.0	99.7	100.0	4.3e-225	782.3	diarrheaCDIneg	SemiBin_28	Enterococcus_B faecium
SRR10507653|k141_131997_4	-20.4961067679896	control_DASTool_bins_bin.32|k141_263878_144	nagB|nagB_40150_bv	100.0	99.6	100.0	2.3e-136	486.9	control	bin.32	Eubacterium_R sp000434995
SRR10507666|k141_12523_42	18.598747828645	CDIpos_DASTool_bins_bin.2|k141_97161_4	siaQ|siaQ_388033_bv	100.0	99.4	97.7	1.1e-81	304.7	CDIpos	bin.2	Escherichia coli
SRR10507656|k141_42415_145	-20.2406015543705	control_DASTool_bins_bin.32|k141_263878_144	nagB|nagB_40150_bv	100.0	99.6	100.0	2.3e-136	486.9	control	bin.32	Eubacterium_R sp000434995
SRR10507663|k141_5963_45	16.982820113916	diarrheaCDIneg_DASTool_bins_SemiBin_28|k141_47611_45	nagB|nagB_190441_bv	100.0	99.6	91.7	3.9e-128	459.5	diarrheaCDIneg	SemiBin_28	Enterococcus_B faecium
SRR10507658|k141_11379_235	19.6273797531984	CDIpos_DASTool_bins_bin.2|k141_138055_42	nanR|nanR_8_bv	100.0	99.6	100.0	4.1e-126	453.0	CDIpos	bin.2	Escherichia coli
SRR10507657|k141_43039_93	-19.6520025070379	control_DASTool_bins_SemiBin_185|k141_97862_2	nanU|nanU_500862_bv	41.0	96.4	96.8	1.4e-96	355.9	control	SemiBin_185	Parabacteroides distasonis
SRR10507659|k141_2390_14	-19.5891435650081	control_DASTool_bins_SemiBin_113|k141_253097_2	nanH|nanH_4619_bv	99.8	78.4	100.0	1.7e-262	907.1	control	SemiBin_113	Phocaeicola massiliensis
SRR10507661|k141_9745_46	15.76956989475	diarrheaCDIneg_DASTool_bins_SemiBin_28|k141_47611_45	nagB|nagB_190441_bv	100.0	99.6	91.7	3.9e-128	459.5	diarrheaCDIneg	SemiBin_28	Enterococcus_B faecium
SRR10507666|k141_12471_59	18.1017514077486	CDIpos_DASTool_bins_bin.2|k141_138055_39	nanE|nanE_8421_bv	100.0	99.6	87.7	8.8e-125	448.4	CDIpos	bin.2	Escherichia coli
SRR10507654|k141_65043_2	-19.3785010044728	control_DASTool_bins_SemiBin_113|k141_253097_2	nanH|nanH_4619_bv	99.8	78.4	100.0	1.7e-262	907.1	control	SemiBin_113	Phocaeicola massiliensis
SRR10507658|k141_31640_6	18.2594871983119	CDIpos_DASTool_bins_bin.2|k141_44186_6	satD|WP_207616619.1	45.1	80.0	98.9	3.7e-63	244.2	CDIpos	bin.2	Escherichia coli
SRR10507658|k141_11379_234	18.070562285106	CDIpos_DASTool_bins_bin.2|k141_138055_41	nanA|nanA_5472_bv	100.0	99.7	96.4	5.4e-167	589.0	CDIpos	bin.2	Escherichia coli
SRR10507659|k141_97205_88	-19.6792525729847	CDIpos_DASTool_bins_bin.100|k141_58618_95	nanU|nanU_256145_bv	98.9	99.8	99.4	0.0e+00	1130.2	CDIpos	bin.100	Phocaeicola massiliensis
SRR10507661|k141_20902_22	16.9180880134404	diarrheaCDIneg_DASTool_bins_SemiBin_28|k141_1019_22	nanE|nanE_26011_bv	100.0	99.6	93.4	2.0e-121	437.2	diarrheaCDIneg	SemiBin_28	Enterococcus_B faecium
SRR10507658|k141_11379_231	19.2432598499414	CDIpos_DASTool_bins_bin.2|k141_138055_38	nanK|nanK_717_bv	100.0	99.7	100.0	3.4e-158	559.7	CDIpos	bin.2	Escherichia coli
SRR10507658|k141_11379_232	19.160192394236	CDIpos_DASTool_bins_bin.2|k141_138055_39	nanE|nanE_8421_bv	100.0	99.6	87.7	8.8e-125	448.4	CDIpos	bin.2	Escherichia coli
SRR10507666|k141_3934_27	-19.3466139589794	CDIpos_DASTool_bins_bin.100|k141_12056_2	nanU|nanU_430414_bv	46.8	99.8	99.0	9.4e-158	559.3	CDIpos	bin.100	Phocaeicola massiliensis
SRR10507666|k141_13138_3	-19.4072469568377	CDIpos_DASTool_bins_bin.100|k141_19384_3	nanU|nanU_428403_bv	69.7	98.8	99.4	6.2e-208	725.7	CDIpos	bin.100	Phocaeicola massiliensis
SRR10507666|k141_64_87	18.9161077334788	CDIpos_DASTool_bins_bin.2|k141_58348_11	satD|HJG53471.1	40.5	79.5	71.2	7.3e-26	119.8	CDIpos	bin.2	Escherichia coli
SRR10507658|k141_29756_70	18.9620009177958	CDIpos_DASTool_bins_bin.2|k141_76266_10	satD|WP_121660542.1	40.2	89.5	81.1	4.6e-25	117.1	CDIpos	bin.2	Escherichia coli
SRR10507654|k141_90765_29	-18.8568671079719	CDIpos_DASTool_bins_bin.100|k141_136543_14	nagB|nagB_9212_bv	100.0	99.6	100.0	8.7e-153	541.6	CDIpos	bin.100	Phocaeicola massiliensis
SRR10507659|k141_119869_31	-19.3220441701956	CDIpos_DASTool_bins_bin.100|k141_136543_12	SIAE|SIAE_5042_bv	100.0	99.8	100.0	9.2e-305	1047.3	CDIpos	bin.100	Phocaeicola massiliensis
SRR10507659|k141_97205_5	-18.9231473911469	CDIpos_DASTool_bins_bin.100|k141_71887_43	nanM|nanM_3259_bv	44.9	90.8	93.8	1.1e-71	272.7	CDIpos	bin.100	Phocaeicola massiliensis
SRR10507654|k141_27316_3	-19.0180641219457	CDIpos_DASTool_bins_bin.100|k141_19384_3	nanU|nanU_428403_bv	69.7	98.8	99.4	6.2e-208	725.7	CDIpos	bin.100	Phocaeicola massiliensis
SRR10507663|k141_14750_20	16.5898685142301	diarrheaCDIneg_DASTool_bins_SemiBin_28|k141_31145_33	siaQ|siaQ_327815_bv	54.5	95.6	93.8	3.1e-36	153.7	diarrheaCDIneg	SemiBin_28	Enterococcus_B faecium
SRR10507666|k141_31756_50	18.9104338182509	CDIpos_DASTool_bins_bin.2|k141_126378_50	satB|MBM3693078.1	40.0	97.5	99.4	1.2e-55	219.2	CDIpos	bin.2	Escherichia coli
SRR10507666|k141_51130_39	18.5466308376892	CDIpos_DASTool_bins_bin.2|k141_33883_86	ompF|ompF_6268_bv	65.9	99.7	100.0	3.8e-135	483.4	CDIpos	bin.2	Escherichia coli
SRR10507666|k141_12471_60	18.5594085368156	CDIpos_DASTool_bins_bin.2|k141_138055_38	nanK|nanK_717_bv	100.0	99.7	100.0	3.4e-158	559.7	CDIpos	bin.2	Escherichia coli
SRR10507654|k141_69886_27	-18.3820866202013	CDIpos_DASTool_bins_bin.100|k141_122120_8	nanU|nanU_460596_bv	43.8	99.2	98.4	3.2e-108	394.4	CDIpos	bin.100	Phocaeicola massiliensis
SRR10507666|k141_870_12	-15.6759518034457	CDIpos_DASTool_bins_bin.100|k141_71887_36	nanU|nanU_444739_bv	99.8	93.9	100.0	1.4e-284	980.3	CDIpos	bin.100	Phocaeicola massiliensis
SRR10507666|k141_12471_129	15.9007699215111	CDIpos_DASTool_bins_bin.2|k141_137330_56	nagB|nagB_62438_bv	44.0	94.1	88.5	2.8e-49	197.6	CDIpos	bin.2	Escherichia coli
SRR10507666|k141_18311_25	15.9182054854501	CDIpos_DASTool_bins_bin.2|k141_90233_11	satD|WP_022922052.1	47.9	79.3	92.8	2.5e-58	228.0	CDIpos	bin.2	Escherichia coli
SRR10507658|k141_11379_162	15.8729247277678	CDIpos_DASTool_bins_bin.2|k141_137330_56	nagB|nagB_62438_bv	44.0	94.1	88.5	2.8e-49	197.6	CDIpos	bin.2	Escherichia coli
SRR10507666|k141_31756_47	15.9006383259707	CDIpos_DASTool_bins_bin.2|k141_126378_47	satD|WP_062009075.1	41.1	85.5	84.6	1.5e-43	178.7	CDIpos	bin.2	Escherichia coli
SRR10507663|k141_14466_3	14.0817188618351	diarrheaCDIneg_DASTool_bins_SemiBin_28|k141_17672_4	satD|WP_069102428.1	50.0	77.8	85.0	7.5e-60	233.0	diarrheaCDIneg	SemiBin_28	Enterococcus_B faecium
SRR10507661|k141_90_3	13.7715854040448	diarrheaCDIneg_DASTool_bins_SemiBin_28|k141_17672_4	satD|WP_069102428.1	50.0	77.8	85.0	7.5e-60	233.0	diarrheaCDIneg	SemiBin_28	Enterococcus_B faecium
SRR10507666|k141_12471_61	-14.3190841193452	CDIpos_DASTool_bins_bin.2|k141_138055_37	nanQ|nanQ_4_bv	100.0	99.4	100.0	6.0e-85	315.5	CDIpos	bin.2	Escherichia coli
SRR10507662|k141_1870_26	9.59657984252708	diarrheaCDIneg_DASTool_bins_SemiBin_30|k141_8905_26	SIAE|SIAE_26843_refseq	100.0	99.7	100.0	6.2e-201	701.8	diarrheaCDIneg	SemiBin_30	Escherichia coli
SRR10507662|k141_5254_6	10.2351113474245	CDIpos_DASTool_bins_bin.2|k141_138055_39	nanE|nanE_8421_bv	100.0	99.6	87.7	8.8e-125	448.4	CDIpos	bin.2	Escherichia coli
SRR10507666|k141_18311_28	-13.7133862616422	CDIpos_DASTool_bins_bin.2|k141_90233_8	satB|MFN4189717.1	43.8	95.0	96.4	1.8e-65	251.9	CDIpos	bin.2	Escherichia coli
SRR10507662|k141_5254_5	10.7360666045226	diarrheaCDIneg_DASTool_bins_SemiBin_30|k141_64401_5	nanK|nanK_4989_bv	100.0	99.7	96.4	1.3e-157	557.8	diarrheaCDIneg	SemiBin_30	Escherichia coli
SRR10507658|k141_11379_33	-12.5649898247829	CDIpos_DASTool_bins_bin.2|k141_48864_20	siaM|siaM_2231_bv	100.0	99.8	100.0	4.0e-227	789.3	CDIpos	bin.2	Escherichia coli
SRR10507658|k141_15094_143	-13.3112628449299	CDIpos_DASTool_bins_bin.2|k141_40710_32	siaT|siaT_3434_uniprot	100.0	99.8	100.0	3.7e-209	729.6	CDIpos	bin.2	Escherichia coli
SRR10507662|k141_31291_22	7.54757566331124	diarrheaCDIneg_DASTool_bins_SemiBin_30|k141_63679_28	kpsD|kpsD_12805_bv	100.0	99.8	99.8	0.0e+00	1082.8	diarrheaCDIneg	SemiBin_30	Escherichia coli
SRR10507662|k141_5254_9	7.44595180271104	diarrheaCDIneg_DASTool_bins_SemiBin_30|k141_64401_9	nanR|nanR_50_bv	93.5	99.6	100.0	5.3e-126	452.6	diarrheaCDIneg	SemiBin_30	Escherichia coli
SRR10507654|k141_7681_85	-7.27747713653123	CDIpos_DASTool_bins_SemiBin_49|k141_34795_2	nanU|nanU_497957_bv	75.9	97.8	99.8	1.1e-220	768.1	CDIpos	SemiBin_49	Phocaeicola vulgatus
SRR10507666|k141_18488_8	-12.5900347270648	CDIpos_DASTool_bins_bin.2|k141_140806_6	satD|WP_249736668.1	40.2	89.2	82.5	2.5e-32	141.4	CDIpos	bin.2	Escherichia coli
SRR10507660|k141_22822_65	-6.8204490360191	CDIpos_DASTool_bins_SemiBin_49|k141_88759_30	nanU|nanU_230315_bv	100.0	99.2	96.8	8.3e-309	1060.8	CDIpos	SemiBin_49	Phocaeicola vulgatus
SRR10507655|k141_33561_30	-6.815328699434	CDIpos_DASTool_bins_SemiBin_49|k141_88759_30	nanU|nanU_230315_bv	100.0	99.2	96.8	8.3e-309	1060.8	CDIpos	SemiBin_49	Phocaeicola vulgatus
SRR10507656|k141_32052_42	-6.75986189395585	CDIpos_DASTool_bins_SemiBin_49|k141_88759_30	nanU|nanU_230315_bv	100.0	99.2	96.8	8.3e-309	1060.8	CDIpos	SemiBin_49	Phocaeicola vulgatus
SRR10507660|k141_22822_139	-6.93584685294224	CDIpos_DASTool_bins_SemiBin_49|k141_34795_2	nanU|nanU_497957_bv	75.9	97.8	99.8	1.1e-220	768.1	CDIpos	SemiBin_49	Phocaeicola vulgatus
SRR10507654|k141_49817_24	-6.64572036230487	CDIpos_DASTool_bins_SemiBin_49|k141_88759_30	nanU|nanU_230315_bv	100.0	99.2	96.8	8.3e-309	1060.8	CDIpos	SemiBin_49	Phocaeicola vulgatus
SRR10507665|k141_27370_65	-6.76843598517689	CDIpos_DASTool_bins_SemiBin_49|k141_88759_30	nanU|nanU_230315_bv	100.0	99.2	96.8	8.3e-309	1060.8	CDIpos	SemiBin_49	Phocaeicola vulgatus
SRR10507660|k141_48658_43	9.48662389177874	CDIpos_DASTool_bins_bin.71|k141_136117_3	nanU|nanU_305779_bv	60.5	99.7	100.0	1.4e-214	748.0	CDIpos	bin.71	Parabacteroides distasonis
SRR10507665|k141_27370_139	-6.83796841137451	CDIpos_DASTool_bins_SemiBin_49|k141_34795_2	nanU|nanU_497957_bv	75.9	97.8	99.8	1.1e-220	768.1	CDIpos	SemiBin_49	Phocaeicola vulgatus
SRR10507654|k141_17708_38	-6.50953469289014	CDIpos_DASTool_bins_SemiBin_49|k141_71890_11	nanU|nanU_574902_bv	99.8	99.8	99.8	5.8e-299	1028.1	CDIpos	SemiBin_49	Phocaeicola vulgatus
SRR10507656|k141_106292_82	-7.29015958508334	CDIpos_DASTool_bins_SemiBin_49|k141_34795_2	nanU|nanU_497957_bv	75.9	97.8	99.8	1.1e-220	768.1	CDIpos	SemiBin_49	Phocaeicola vulgatus
SRR10507662|k141_28286_106	9.02867522061269	diarrheaCDIneg_DASTool_bins_SemiBin_70|k141_14054_106	satB|MCS6825930.1	40.2	95.7	97.1	3.2e-56	221.1	diarrheaCDIneg	SemiBin_70	Pyramidobacter piscolens
SRR10507656|k141_110671_101	-6.49335442067593	CDIpos_DASTool_bins_SemiBin_49|k141_71890_11	nanU|nanU_574902_bv	99.8	99.8	99.8	5.8e-299	1028.1	CDIpos	SemiBin_49	Phocaeicola vulgatus
SRR10507657|k141_16342_115	-6.39751941363815	CDIpos_DASTool_bins_SemiBin_49|k141_71890_11	nanU|nanU_574902_bv	99.8	99.8	99.8	5.8e-299	1028.1	CDIpos	SemiBin_49	Phocaeicola vulgatus
SRR10507655|k141_31969_64	-6.23918222139338	CDIpos_DASTool_bins_SemiBin_49|k141_34795_2	nanU|nanU_497957_bv	75.9	97.8	99.8	1.1e-220	768.1	CDIpos	SemiBin_49	Phocaeicola vulgatus
SRR10507665|k141_28219_36	-6.3883707557955	CDIpos_DASTool_bins_SemiBin_49|k141_9822_5	nagA|nagA_2756_bv	100.0	99.7	100.0	9.6e-225	781.2	CDIpos	SemiBin_49	Phocaeicola vulgatus
SRR10507654|k141_7681_77	-6.68572341124271	CDIpos_DASTool_bins_SemiBin_49|k141_91101_10	nanU|nanU_317574_bv	100.0	99.8	99.0	1.1e-308	1060.4	CDIpos	SemiBin_49	Phocaeicola vulgatus
SRR10507660|k141_31039_36	-6.36194012685228	CDIpos_DASTool_bins_SemiBin_49|k141_9822_5	nagA|nagA_2756_bv	100.0	99.7	100.0	9.6e-225	781.2	CDIpos	SemiBin_49	Phocaeicola vulgatus
SRR10507666|k141_40091_32	-11.5263991930477	CDIpos_DASTool_bins_bin.2|k141_48864_19	siaQ|siaQ_3733_bv	100.0	99.4	100.0	9.6e-86	318.2	CDIpos	bin.2	Escherichia coli
SRR10507660|k141_5820_26	8.97475170209315	CDIpos_DASTool_bins_bin.71|k141_78823_12	nanU|nanU_291680_bv	42.6	99.0	98.2	1.2e-115	419.1	CDIpos	bin.71	Parabacteroides distasonis
SRR10507662|k141_44596_10	8.72507378477615	diarrheaCDIneg_DASTool_bins_SemiBin_60|k141_4317_10	satB|MFN4189717.1	43.8	99.0	99.3	6.5e-67	256.5	diarrheaCDIneg	SemiBin_60	Enterocloster bolteae
SRR10507653|k141_62621_35	-6.30644199602932	CDIpos_DASTool_bins_SemiBin_49|k141_9822_5	nagA|nagA_2756_bv	100.0	99.7	100.0	9.6e-225	781.2	CDIpos	SemiBin_49	Phocaeicola vulgatus
SRR10507659|k141_1503_85	-6.2831714779056	CDIpos_DASTool_bins_SemiBin_49|k141_91101_10	nanU|nanU_317574_bv	100.0	99.8	99.0	1.1e-308	1060.4	CDIpos	SemiBin_49	Phocaeicola vulgatus
SRR10507662|k141_5379_116	6.8230334242531	CDIpos_DASTool_bins_bin.71|k141_128636_8	nanU|nanU_525511_bv	52.8	98.9	96.4	9.4e-165	582.4	CDIpos	bin.71	Parabacteroides distasonis
SRR10507654|k141_16561_14	-6.69899181305675	diarrheaCDIneg_DASTool_bins_bin.6|k141_49656_30	nanK|nanK_7216_bv	41.7	94.4	96.5	5.3e-59	230.3	diarrheaCDIneg	bin.6	Phocaeicola dorei
SRR10507656|k141_20405_9	-6.32254710481204	CDIpos_DASTool_bins_SemiBin_49|k141_80043_27	nanU|nanU_601173_bv	99.3	99.8	98.1	0.0e+00	1151.3	CDIpos	SemiBin_49	Phocaeicola vulgatus
SRR10507662|k141_27771_46	9.63939327723227	CDIpos_DASTool_bins_bin.71|k141_77887_3	nanU|nanU_183841_bv	100.0	99.8	97.5	6.7e-295	1014.6	CDIpos	bin.71	Parabacteroides distasonis
SRR10507662|k141_18912_115	8.1919924682629	diarrheaCDIneg_DASTool_bins_bin.6|k141_11493_115	SIAE|SIAE_20500_uniprot	99.6	99.6	100.0	2.5e-144	513.5	diarrheaCDIneg	bin.6	Phocaeicola dorei
SRR10507658|k141_19626_43	-6.65237330933876	CDIpos_DASTool_bins_SemiBin_49|k141_110636_48	nanU|nanU_572409_bv	43.5	86.6	76.6	2.6e-100	368.2	CDIpos	SemiBin_49	Phocaeicola vulgatus
SRR10507662|k141_27939_23	11.1689378049913	CDIpos_DASTool_bins_SemiBin_103|k141_144104_10	kpsD|kpsD_12100_bv	53.2	99.9	99.9	2.6e-259	897.1	CDIpos	SemiBin_103	Bacteroides hominis
SRR10507659|k141_54308_13	-6.17172297401687	CDIpos_DASTool_bins_SemiBin_49|k141_9822_5	nagA|nagA_2756_bv	100.0	99.7	100.0	9.6e-225	781.2	CDIpos	SemiBin_49	Phocaeicola vulgatus
SRR10507662|k141_33668_30	8.49917625962824	diarrheaCDIneg_DASTool_bins_SemiBin_30|k141_22559_32	satD|WP_419102340.1	46.1	79.7	90.7	1.1e-59	232.6	diarrheaCDIneg	SemiBin_30	Escherichia coli
SRR10507660|k141_22822_147	-6.22408281930923	CDIpos_DASTool_bins_SemiBin_49|k141_91101_10	nanU|nanU_317574_bv	100.0	99.8	99.0	1.1e-308	1060.4	CDIpos	SemiBin_49	Phocaeicola vulgatus
SRR10507666|k141_475_85	-6.30078440746935	CDIpos_DASTool_bins_SemiBin_49|k141_91101_10	nanU|nanU_317574_bv	100.0	99.8	99.0	1.1e-308	1060.4	CDIpos	SemiBin_49	Phocaeicola vulgatus
SRR10507655|k141_9277_60	-6.54301158044065	CDIpos_DASTool_bins_SemiBin_49|k141_110636_48	nanU|nanU_572409_bv	43.5	86.6	76.6	2.6e-100	368.2	CDIpos	SemiBin_49	Phocaeicola vulgatus
SRR10507662|k141_45655_27	8.04267757336116	diarrheaCDIneg_DASTool_bins_bin.6|k141_36190_27	nanU|nanU_93146_bv	98.9	96.1	100.0	0.0e+00	1191.0	diarrheaCDIneg	bin.6	Phocaeicola dorei
SRR10507653|k141_55382_2	-6.56977587906498	CDIpos_DASTool_bins_SemiBin_49|k141_110636_48	nanU|nanU_572409_bv	43.5	86.6	76.6	2.6e-100	368.2	CDIpos	SemiBin_49	Phocaeicola vulgatus
SRR10507662|k141_20231_42	10.5365026993298	diarrheaCDIneg_DASTool_bins_SemiBin_70|k141_34635_42	siaM|siaM_10307_bv	100.0	99.3	100.0	1.7e-233	810.4	diarrheaCDIneg	SemiBin_70	Pyramidobacter piscolens
SRR10507655|k141_87272_24	-6.294848696169	CDIpos_DASTool_bins_SemiBin_49|k141_9822_5	nagA|nagA_2756_bv	100.0	99.7	100.0	9.6e-225	781.2	CDIpos	SemiBin_49	Phocaeicola vulgatus
SRR10507655|k141_27795_19	-6.09074942169716	CDIpos_DASTool_bins_SemiBin_49|k141_80043_5	nanK|nanK_7216_bv	41.7	94.4	96.5	4.0e-59	230.7	CDIpos	SemiBin_49	Phocaeicola vulgatus
SRR10507665|k141_35839_38	-6.60014086749931	CDIpos_DASTool_bins_SemiBin_49|k141_110636_48	nanU|nanU_572409_bv	43.5	86.6	76.6	2.6e-100	368.2	CDIpos	SemiBin_49	Phocaeicola vulgatus
SRR10507660|k141_6661_50	-6.59994030152796	CDIpos_DASTool_bins_SemiBin_49|k141_110636_48	nanU|nanU_572409_bv	43.5	86.6	76.6	2.6e-100	368.2	CDIpos	SemiBin_49	Phocaeicola vulgatus
SRR10507662|k141_43149_74	10.4834056298574	diarrheaCDIneg_DASTool_bins_SemiBin_70|k141_63269_74	siaT|siaT_47535_uniprot	52.0	98.1	99.3	7.1e-104	379.8	diarrheaCDIneg	SemiBin_70	Pyramidobacter piscolens
SRR10507658|k141_24740_13	-6.23822732998509	CDIpos_DASTool_bins_SemiBin_49|k141_88759_30	nanU|nanU_230315_bv	100.0	99.2	96.8	8.3e-309	1060.8	CDIpos	SemiBin_49	Phocaeicola vulgatus
SRR10507654|k141_44032_55	-5.89324123560965	CDIpos_DASTool_bins_SemiBin_49|k141_150351_30	SIAE|SIAE_19013_uniprot	98.9	70.8	99.2	1.6e-208	727.6	CDIpos	SemiBin_49	Phocaeicola vulgatus
SRR10507666|k141_8503_105	-6.2053874262737	CDIpos_DASTool_bins_SemiBin_49|k141_150351_30	SIAE|SIAE_19013_uniprot	98.9	70.8	99.2	1.6e-208	727.6	CDIpos	SemiBin_49	Phocaeicola vulgatus
SRR10507666|k141_19524_27	-6.18617083303423	CDIpos_DASTool_bins_SemiBin_49|k141_9822_5	nagA|nagA_2756_bv	100.0	99.7	100.0	9.6e-225	781.2	CDIpos	SemiBin_49	Phocaeicola vulgatus
SRR10507662|k141_5379_27	6.67979304640952	diarrheaCDIneg_DASTool_bins_bin.5|k141_31166_27	SIAE|SIAE_7801_bv	100.0	99.9	100.0	0.0e+00	1442.9	diarrheaCDIneg	bin.5	Parabacteroides distasonis
SRR10507665|k141_33370_55	-6.29488259762324	CDIpos_DASTool_bins_SemiBin_49|k141_71890_11	nanU|nanU_574902_bv	99.8	99.8	99.8	5.8e-299	1028.1	CDIpos	SemiBin_49	Phocaeicola vulgatus
SRR10507657|k141_22784_47	-7.0213324099982	CDIpos_DASTool_bins_SemiBin_49|k141_116648_9	nanU|nanU_628889_bv	99.8	97.6	100.0	9.5e-313	1073.9	CDIpos	SemiBin_49	Phocaeicola vulgatus
SRR10507662|k141_17857_165	10.3081202838315	diarrheaCDIneg_DASTool_bins_SemiBin_60|k141_1011_641	siaM|siaM_403770_bv	100.0	99.8	100.0	8.8e-227	788.1	diarrheaCDIneg	SemiBin_60	Enterocloster bolteae
SRR10507662|k141_49279_2	8.66213997029779	CDIpos_DASTool_bins_bin.71|k141_136117_3	nanU|nanU_305779_bv	60.5	99.7	100.0	1.4e-214	748.0	CDIpos	bin.71	Parabacteroides distasonis
SRR10507655|k141_9478_85	-6.17906087910336	CDIpos_DASTool_bins_SemiBin_49|k141_71890_11	nanU|nanU_574902_bv	99.8	99.8	99.8	5.8e-299	1028.1	CDIpos	SemiBin_49	Phocaeicola vulgatus
SRR10507659|k141_123017_12	-5.97678349224973	CDIpos_DASTool_bins_SemiBin_49|k141_71890_11	nanU|nanU_574902_bv	99.8	99.8	99.8	5.8e-299	1028.1	CDIpos	SemiBin_49	Phocaeicola vulgatus
SRR10507665|k141_27370_147	-6.08711783279115	CDIpos_DASTool_bins_SemiBin_49|k141_91101_10	nanU|nanU_317574_bv	100.0	99.8	99.0	1.1e-308	1060.4	CDIpos	SemiBin_49	Phocaeicola vulgatus
SRR10507660|k141_54615_31	-6.02185272683175	CDIpos_DASTool_bins_SemiBin_49|k141_80043_5	nanK|nanK_7216_bv	41.7	94.4	96.5	4.0e-59	230.7	CDIpos	SemiBin_49	Phocaeicola vulgatus
SRR10507665|k141_58388_31	-5.9873633091136	CDIpos_DASTool_bins_SemiBin_49|k141_80043_5	nanK|nanK_7216_bv	41.7	94.4	96.5	4.0e-59	230.7	CDIpos	SemiBin_49	Phocaeicola vulgatus
SRR10507653|k141_141271_19	-5.99306975171522	CDIpos_DASTool_bins_SemiBin_49|k141_80043_5	nanK|nanK_7216_bv	41.7	94.4	96.5	4.0e-59	230.7	CDIpos	SemiBin_49	Phocaeicola vulgatus
SRR10507658|k141_33230_22	-6.10944111457647	CDIpos_DASTool_bins_SemiBin_49|k141_91101_10	nanU|nanU_317574_bv	100.0	99.8	99.0	1.1e-308	1060.4	CDIpos	SemiBin_49	Phocaeicola vulgatus
SRR10507653|k141_76051_38	-5.62339922432744	CDIpos_DASTool_bins_SemiBin_49|k141_154464_2	nanU|nanU_194521_bv	99.8	99.8	100.0	3.6e-312	1072.0	CDIpos	SemiBin_49	Phocaeicola vulgatus
SRR10507662|k141_57403_99	6.66340558624344	diarrheaCDIneg_DASTool_bins_bin.5|k141_21854_99	nanU|nanU_378182_bv	46.0	97.1	99.6	5.0e-126	453.8	diarrheaCDIneg	bin.5	Parabacteroides distasonis
SRR10507658|k141_28685_61	-6.13504649584808	CDIpos_DASTool_bins_SemiBin_49|k141_80043_27	nanU|nanU_601173_bv	99.3	99.8	98.1	0.0e+00	1151.3	CDIpos	SemiBin_49	Phocaeicola vulgatus
SRR10507666|k141_45943_17	-6.02501690476994	CDIpos_DASTool_bins_SemiBin_49|k141_71890_11	nanU|nanU_574902_bv	99.8	99.8	99.8	5.8e-299	1028.1	CDIpos	SemiBin_49	Phocaeicola vulgatus
SRR10507656|k141_20405_31	-5.87945813722791	CDIpos_DASTool_bins_SemiBin_49|k141_80043_5	nanK|nanK_7216_bv	41.7	94.4	96.5	4.0e-59	230.7	CDIpos	SemiBin_49	Phocaeicola vulgatus
SRR10507662|k141_4856_80	9.17465552319944	diarrheaCDIneg_DASTool_bins_bin.5|k141_19919_80	nagA|nagA_6792_bv	100.0	99.8	100.0	7.9e-230	798.1	diarrheaCDIneg	bin.5	Parabacteroides distasonis
SRR10507653|k141_4079_37	-6.95914105039779	CDIpos_DASTool_bins_SemiBin_49|k141_116648_9	nanU|nanU_628889_bv	99.8	97.6	100.0	9.5e-313	1073.9	CDIpos	SemiBin_49	Phocaeicola vulgatus
SRR10507653|k141_113627_5	-5.85456756055065	CDIpos_DASTool_bins_SemiBin_49|k141_91101_10	nanU|nanU_317574_bv	100.0	99.8	99.0	1.1e-308	1060.4	CDIpos	SemiBin_49	Phocaeicola vulgatus
SRR10507666|k141_13492_2	-6.51786224023146	CDIpos_DASTool_bins_SemiBin_49|k141_146602_5	nanU|nanU_318479_bv	71.4	88.9	98.8	2.6e-226	786.9	CDIpos	SemiBin_49	Phocaeicola vulgatus
SRR10507666|k141_33141_32	-5.76696239750567	CDIpos_DASTool_bins_SemiBin_49|k141_80043_5	nanK|nanK_7216_bv	41.7	94.4	96.5	4.0e-59	230.7	CDIpos	SemiBin_49	Phocaeicola vulgatus
SRR10507655|k141_3778_3	-6.68522946138807	CDIpos_DASTool_bins_SemiBin_49|k141_154464_2	nanU|nanU_194521_bv	99.8	99.8	100.0	3.6e-312	1072.0	CDIpos	SemiBin_49	Phocaeicola vulgatus
SRR10507662|k141_28286_1	9.38891770079892	diarrheaCDIneg_DASTool_bins_SemiBin_70|k141_14054_1	satB|WP_263079827.1	57.0	99.7	100.0	7.5e-95	349.4	diarrheaCDIneg	SemiBin_70	Pyramidobacter piscolens
SRR10507660|k141_5855_34	-6.73327537873091	CDIpos_DASTool_bins_SemiBin_49|k141_154464_2	nanU|nanU_194521_bv	99.8	99.8	100.0	3.6e-312	1072.0	CDIpos	SemiBin_49	Phocaeicola vulgatus
SRR10507656|k141_106292_74	-5.97803602171516	CDIpos_DASTool_bins_SemiBin_49|k141_91101_10	nanU|nanU_317574_bv	100.0	99.8	99.0	1.1e-308	1060.4	CDIpos	SemiBin_49	Phocaeicola vulgatus
SRR10507659|k141_79417_73	-6.65695284406566	CDIpos_DASTool_bins_SemiBin_49|k141_116648_9	nanU|nanU_628889_bv	99.8	97.6	100.0	9.5e-313	1073.9	CDIpos	SemiBin_49	Phocaeicola vulgatus
SRR10507659|k141_43925_22	-5.94192088376703	CDIpos_DASTool_bins_SemiBin_49|k141_80043_5	nanK|nanK_7216_bv	41.7	94.4	96.5	4.0e-59	230.7	CDIpos	SemiBin_49	Phocaeicola vulgatus
SRR10507660|k141_6438_38	-6.73138729695458	CDIpos_DASTool_bins_SemiBin_49|k141_116648_9	nanU|nanU_628889_bv	99.8	97.6	100.0	9.5e-313	1073.9	CDIpos	SemiBin_49	Phocaeicola vulgatus
SRR10507665|k141_36182_4	8.45146895543912	CDIpos_DASTool_bins_SemiBin_22_sub|k141_68099_21	satD|WP_210229862.1	42.4	80.6	94.5	3.0e-59	231.1	CDIpos	SemiBin_22_sub	Eisenbergiella tayi
SRR10507654|k141_16509_18	-6.64154038187072	CDIpos_DASTool_bins_SemiBin_49|k141_116648_9	nanU|nanU_628889_bv	99.8	97.6	100.0	9.5e-313	1073.9	CDIpos	SemiBin_49	Phocaeicola vulgatus
SRR10507655|k141_87380_3	-6.02843899998666	CDIpos_DASTool_bins_SemiBin_49|k141_29107_1	nanU|nanU_311719_bv	55.9	99.8	99.6	2.4e-156	554.3	CDIpos	SemiBin_49	Phocaeicola vulgatus
SRR10507660|k141_31451_55	-6.18881236106122	CDIpos_DASTool_bins_SemiBin_49|k141_71890_11	nanU|nanU_574902_bv	99.8	99.8	99.8	5.8e-299	1028.1	CDIpos	SemiBin_49	Phocaeicola vulgatus
SRR10507662|k141_1870_25	7.66194179201077	diarrheaCDIneg_DASTool_bins_SemiBin_30|k141_8905_25	nanM|nanM_464_bv	100.0	99.7	100.0	3.2e-217	756.1	diarrheaCDIneg	SemiBin_30	Escherichia coli
SRR10507662|k141_29810_149	6.8885962443673	diarrheaCDIneg_DASTool_bins_SemiBin_60|k141_1011_369	siaM|siaM_60605_bv	100.0	99.8	100.0	7.3e-213	741.9	diarrheaCDIneg	SemiBin_60	Enterocloster bolteae
SRR10507662|k141_13599_48	7.51588939148064	control_DASTool_bins_SemiBin_185|k141_40475_51	nanU|nanU_236219_bv	99.8	99.8	95.3	5.3e-300	1031.6	control	SemiBin_185	Parabacteroides distasonis
SRR10507662|k141_5379_25	6.73674972943743	CDIpos_DASTool_bins_bin.71|k141_75032_1	nanH|nanH_15173_bv	99.7	72.8	100.0	4.9e-235	815.8	CDIpos	bin.71	Parabacteroides distasonis
SRR10507656|k141_110671_77	-6.30569833701035	CDIpos_DASTool_bins_SemiBin_49|k141_83123_9	nagB|nagB_74529_bv	99.6	99.6	100.0	1.3e-151	537.7	CDIpos	SemiBin_49	Phocaeicola vulgatus
SRR10507665|k141_7615_38	-6.61442703699851	CDIpos_DASTool_bins_SemiBin_49|k141_116648_9	nanU|nanU_628889_bv	99.8	97.6	100.0	9.5e-313	1073.9	CDIpos	SemiBin_49	Phocaeicola vulgatus
SRR10507665|k141_38391_50	-5.77621900675133	CDIpos_DASTool_bins_SemiBin_49|k141_146979_21	satD|WP_445507519.1	40.1	85.5	80.0	1.6e-26	122.1	CDIpos	SemiBin_49	Phocaeicola vulgatus
SRR10507658|k141_5080_15	8.11878053966824	CDIpos_DASTool_bins_SemiBin_48_sub|k141_40852_5	satD|WP_311358684.1	48.7	73.7	85.5	1.3e-57	225.7	CDIpos	SemiBin_48_sub	Enterocloster bolteae
SRR10507662|k141_15701_40	9.83969659460749	diarrheaCDIneg_DASTool_bins_SemiBin_70|k141_55664_40	satB|MBO2532523.1	40.3	98.7	99.7	9.5e-50	199.5	diarrheaCDIneg	SemiBin_70	Pyramidobacter piscolens
SRR10507665|k141_43666_44	-6.52424883483948	CDIpos_DASTool_bins_SemiBin_49|k141_29233_17	nanU|nanU_71571_bv	44.1	99.6	99.7	6.7e-157	556.6	CDIpos	SemiBin_49	Phocaeicola vulgatus
SRR10507666|k141_28584_38	-6.58128785865946	CDIpos_DASTool_bins_SemiBin_49|k141_116648_9	nanU|nanU_628889_bv	99.8	97.6	100.0	9.5e-313	1073.9	CDIpos	SemiBin_49	Phocaeicola vulgatus
SRR10507658|k141_23688_19	-6.50409958265383	CDIpos_DASTool_bins_SemiBin_49|k141_29233_17	nanU|nanU_71571_bv	44.1	99.6	99.7	6.7e-157	556.6	CDIpos	SemiBin_49	Phocaeicola vulgatus
SRR10507660|k141_9918_80	-6.43284598735816	CDIpos_DASTool_bins_SemiBin_49|k141_50207_18	nanU|nanU_69728_bv	99.2	99.8	100.0	5.1e-306	1051.6	CDIpos	SemiBin_49	Phocaeicola vulgatus
SRR10507662|k141_115_310	6.89007032552656	diarrheaCDIneg_DASTool_bins_SemiBin_60|k141_4759_301	siaM|siaM_78429_bv	100.0	99.8	100.0	1.6e-220	767.3	diarrheaCDIneg	SemiBin_60	Enterocloster bolteae
SRR10507659|k141_42601_146	-6.49937275550048	CDIpos_DASTool_bins_SemiBin_49|k141_29233_17	nanU|nanU_71571_bv	44.1	99.6	99.7	6.7e-157	556.6	CDIpos	SemiBin_49	Phocaeicola vulgatus
SRR10507662|k141_35064_13	9.77044250714898	diarrheaCDIneg_DASTool_bins_SemiBin_70|k141_44310_13	satD|WP_125610213.1	45.6	79.8	94.5	4.7e-55	217.2	diarrheaCDIneg	SemiBin_70	Pyramidobacter piscolens
SRR10507654|k141_25825_14	-5.71196708113311	CDIpos_DASTool_bins_SemiBin_49|k141_146979_21	satD|WP_445507519.1	40.1	85.5	80.0	1.6e-26	122.1	CDIpos	SemiBin_49	Phocaeicola vulgatus
SRR10507660|k141_7501_5	-6.03488199410024	CDIpos_DASTool_bins_SemiBin_49|k141_146602_5	nanU|nanU_318479_bv	71.4	88.9	98.8	2.6e-226	786.9	CDIpos	SemiBin_49	Phocaeicola vulgatus
SRR10507653|k141_95970_83	-6.17589408598309	CDIpos_DASTool_bins_SemiBin_49|k141_29233_17	nanU|nanU_71571_bv	44.1	99.6	99.7	6.7e-157	556.6	CDIpos	SemiBin_49	Phocaeicola vulgatus
