class	carn	carn	carn	carn	carn	carn	carn	carn	carn	herb	herb	herb	herb	herb	herb	herb	herb	herb	herb	omni	omni	omni	omni	omni	omni	omni	omni	omni	omni
subclass	carn_NA	carn_NA	carn_NA	carn_NA	carn_NA	carn_NA	carn_NA	carn_NA	carn_NA	herb_NA	herb_NA	herb_NA	herb_NA	herb_NA	herb_NA	herb_NA	herb_NA	herb_NA	herb_NA	omni_NA	omni_NA	omni_NA	omni_NA	omni_NA	omni_NA	omni_NA	omni_NA	omni_NA	omni_NA
subject	SRR11927435	SRR11927436	SRR11927437	SRR11927438	SRR11927439	SRR11927440	SRR11927441	SRR11927452	SRR11927463	SRR11927453	SRR11927454	SRR11927455	SRR11927456	SRR11927457	SRR11927458	SRR11927459	SRR11927460	SRR11927461	SRR11927462	SRR11927442	SRR11927443	SRR11927444	SRR11927445	SRR11927446	SRR11927447	SRR11927448	SRR11927449	SRR11927450	SRR11927451
AAO76729	0.0	0.0	0.0	0.0	0.0	0.0	0.0	0.0	0.0	0.0	0.0	0.0	0.0	0.0	0.0	0.0	0.0	0.0	0.0	0.0	57.0	0.0	0.0	0.0	0.0	0.0	0.0	0.0	0.0
AAO76731	145.0	0.0	343.0	9.0	1.0	27.0	165.0	105.0	5.0	0.0	0.0	0.0	0.0	0.0	0.0	0.0	0.0	0.0	0.0	7.0	0.0	3.0	0.0	0.0	0.0	0.0	77.0	0.0	0.0
AAO76735	0.0	0.0	0.0	0.0	0.0	0.0	255.0	0.0	0.0	0.0	0.0	0.0	0.0	0.0	0.0	0.0	0.0	0.0	0.0	205.0	21.0	0.0	0.0	0.0	0.0	14.0	90.0	82.0	17.0
AAO76743	0.0	0.0	0.0	0.0	0.0	336.0	265.0	2.0	115.0	0.0	0.0	0.0	0.0	0.0	0.0	0.0	0.0	0.0	0.0	0.0	0.0	0.0	0.0	0.0	0.0	0.0	0.0	0.0	0.0
AAO77025	164.0	0.0	133.0	0.0	0.0	0.0	259.0	0.0	0.0	0.0	0.0	0.0	0.0	0.0	0.0	0.0	0.0	0.0	0.0	0.0	0.0	0.0	0.0	0.0	0.0	0.0	0.0	0.0	0.0
AAO78163	127.0	0.0	0.0	0.0	0.0	0.0	0.0	0.0	0.0	0.0	0.0	0.0	0.0	0.0	0.0	0.0	0.0	0.0	0.0	0.0	0.0	0.0	0.0	0.0	0.0	0.0	0.0	0.0	0.0
AAO78215	130.0	0.0	0.0	0.0	0.0	287.0	278.0	1.0	116.0	0.0	0.0	0.0	0.0	0.0	0.0	0.0	0.0	0.0	0.0	0.0	0.0	0.0	0.0	0.0	0.0	0.0	0.0	0.0	0.0
AAO78283	360.0	152.0	144.0	680.0	0.0	397.0	3.0	119.0	139.0	0.0	0.0	0.0	0.0	0.0	0.0	0.0	0.0	0.0	0.0	0.0	69.0	0.0	0.0	0.0	0.0	22.0	171.0	539.0	120.0
AAO78901	391.0	188.0	150.0	661.0	0.0	351.0	308.0	0.0	116.0	0.0	0.0	0.0	0.0	0.0	0.0	0.0	0.0	0.0	0.0	173.0	58.0	0.0	0.0	0.0	0.0	11.0	238.0	586.0	23.0
AAO79736	213.0	156.0	129.0	647.0	0.0	0.0	273.0	0.0	0.0	0.0	0.0	0.0	0.0	0.0	0.0	0.0	0.0	0.0	0.0	227.0	47.0	0.0	0.0	0.0	0.0	29.0	282.0	563.0	116.0
AAO79788	0.0	0.0	0.0	0.0	0.0	0.0	275.0	0.0	0.0	0.0	0.0	0.0	0.0	0.0	0.0	0.0	0.0	0.0	0.0	0.0	0.0	0.0	0.0	0.0	0.0	0.0	0.0	0.0	0.0
ASM67518	71.0	0.0	0.0	0.0	0.0	0.0	0.0	0.0	0.0	0.0	0.0	0.0	0.0	0.0	0.0	0.0	0.0	0.0	0.0	0.0	0.0	0.0	0.0	0.0	0.0	0.0	0.0	0.0	0.0
BACOVA_04809	0.0	192.0	141.0	230.0	36.0	0.0	49.0	0.0	0.0	0.0	0.0	0.0	0.0	0.0	0.0	0.0	0.0	0.0	0.0	0.0	34.0	0.0	0.0	0.0	0.0	0.0	16.0	646.0	0.0
BT_3990	0.0	0.0	0.0	0.0	0.0	0.0	416.0	0.0	0.0	0.0	0.0	0.0	0.0	0.0	0.0	0.0	0.0	0.0	0.0	242.0	0.0	0.0	0.0	0.0	0.0	0.0	0.0	0.0	0.0
BT_4091	0.0	231.0	0.0	0.0	0.0	0.0	370.0	0.0	0.0	0.0	0.0	0.0	0.0	0.0	0.0	0.0	0.0	0.0	0.0	0.0	0.0	0.0	0.0	0.0	0.0	0.0	0.0	0.0	0.0
BT_4092	0.0	241.0	0.0	0.0	0.0	0.0	0.0	0.0	0.0	0.0	0.0	0.0	0.0	0.0	0.0	0.0	0.0	0.0	0.0	285.0	0.0	0.0	0.0	0.0	0.0	0.0	0.0	0.0	0.0
BT_4093	0.0	244.0	0.0	0.0	0.0	0.0	0.0	0.0	0.0	0.0	0.0	0.0	0.0	0.0	0.0	0.0	0.0	0.0	0.0	269.0	0.0	0.0	0.0	0.0	0.0	0.0	0.0	0.0	0.0
BT_4096	0.0	135.0	0.0	0.0	0.0	0.0	0.0	0.0	0.0	0.0	0.0	0.0	0.0	0.0	0.0	0.0	0.0	0.0	0.0	195.0	0.0	0.0	0.0	0.0	0.0	0.0	0.0	0.0	0.0
GH109	318.0	146.0	272.0	507.0	12.0	357.0	893.0	17.0	116.0	145.0	10.0	0.0	0.0	131.0	0.0	0.0	0.0	0.0	0.0	164.0	54.0	1.0	25.0	0.0	0.0	24.0	274.0	410.0	61.0
GH110	249.0	143.0	212.0	541.0	0.0	404.0	385.0	7.0	166.0	166.0	17.0	0.0	0.0	312.0	0.0	0.0	0.0	0.0	0.0	273.0	67.0	0.0	30.0	0.0	0.0	22.0	223.0	469.0	72.0
GH123	532.0	570.0	407.0	1015.0	414.0	458.0	665.0	216.0	168.0	514.0	38.0	0.0	195.0	20.0	2465.0	36.0	35.0	646.0	0.0	496.0	86.0	22.0	326.0	0.0	17.0	65.0	372.0	656.0	154.0
GH129	39.0	110.0	37.0	36.0	9.0	0.0	1.0	19.0	20.0	238.0	189.0	0.0	83.0	31.0	1.0	25.0	0.0	0.0	183.0	23.0	4.0	16.0	26.0	13.0	5.0	25.0	166.0	20.0	3.0
GH16	0.0	121.0	15.0	68.0	48.0	167.0	165.0	2.0	116.0	31.0	36.0	11.0	3.0	380.0	0.0	3.0	105.0	56.0	90.0	724.0	99.0	49.0	65.0	31.0	91.0	75.0	350.0	618.0	98.0
GH2	7949.0	3300.0	4794.0	7188.0	4877.0	4303.0	14848.0	1763.0	3923.0	3419.0	4452.0	1075.0	7366.0	3442.0	11576.0	1030.0	2060.0	5554.0	8866.0	4141.0	1508.0	907.0	2272.0	7352.0	834.0	3947.0	3170.0	8049.0	1231.0
GH20	3404.0	1997.0	1512.0	5208.0	434.0	2487.0	3424.0	456.0	790.0	391.0	21.0	67.0	544.0	277.0	1128.0	99.0	0.0	0.0	0.0	1243.0	497.0	97.0	100.0	0.0	61.0	415.0	1784.0	4315.0	855.0
GH27	439.0	159.0	163.0	13.0	493.0	85.0	815.0	20.0	309.0	159.0	270.0	139.0	453.0	10.0	55.0	151.0	389.0	357.0	721.0	326.0	197.0	163.0	179.0	616.0	75.0	115.0	137.0	697.0	1.0
GH29	1472.0	975.0	958.0	2420.0	390.0	1286.0	4391.0	531.0	895.0	1050.0	184.0	24.0	1271.0	1683.0	4622.0	173.0	28.0	131.0	101.0	1209.0	429.0	100.0	351.0	8.0	120.0	592.0	1831.0	2837.0	641.0
GH3	1967.0	670.0	768.0	573.0	897.0	726.0	415.0	844.0	1182.0	749.0	1456.0	679.0	1963.0	3432.0	2033.0	366.0	435.0	1625.0	1963.0	1958.0	417.0	201.0	1862.0	1465.0	426.0	1448.0	1614.0	2432.0	103.0
GH31	4033.0	1402.0	1209.0	2120.0	2347.0	1183.0	4053.0	714.0	1672.0	2129.0	6880.0	502.0	6815.0	6009.0	7051.0	625.0	1576.0	4090.0	14416.0	2109.0	572.0	420.0	1031.0	13226.0	511.0	1282.0	1498.0	3489.0	483.0
GH33	405.0	535.0	224.0	830.0	15.0	282.0	301.0	21.0	58.0	376.0	1041.0	42.0	873.0	110.0	161.0	60.0	30.0	461.0	2098.0	199.0	69.0	0.0	47.0	1826.0	1.0	32.0	236.0	545.0	128.0
GH35	760.0	320.0	55.0	45.0	790.0	112.0	1363.0	36.0	266.0	249.0	87.0	0.0	569.0	1385.0	601.0	37.0	128.0	0.0	162.0	664.0	171.0	231.0	267.0	274.0	88.0	841.0	708.0	1112.0	190.0
GH36	2872.0	756.0	1596.0	1459.0	695.0	682.0	2568.0	449.0	1684.0	720.0	2924.0	605.0	4400.0	5339.0	2634.0	861.0	622.0	1696.0	5258.0	709.0	329.0	282.0	1469.0	4878.0	558.0	4207.0	660.0	2074.0	371.0
GH42	1037.0	812.0	917.0	142.0	567.0	494.0	379.0	213.0	583.0	371.0	893.0	743.0	2139.0	1970.0	4149.0	309.0	50.0	960.0	1582.0	98.0	27.0	136.0	670.0	1392.0	353.0	1524.0	681.0	56.0	84.0
GH84	636.0	232.0	247.0	984.0	0.0	431.0	371.0	2.0	170.0	0.0	161.0	0.0	0.0	64.0	0.0	3.0	17.0	1.0	0.0	310.0	88.0	0.0	5.0	175.0	0.0	73.0	395.0	857.0	228.0
GH89	1028.0	188.0	232.0	906.0	0.0	552.0	822.0	2.0	222.0	272.0	9.0	0.0	173.0	0.0	0.0	0.0	0.0	0.0	0.0	0.0	84.0	0.0	30.0	0.0	0.0	34.0	371.0	849.0	201.0
GH95	1377.0	522.0	454.0	1369.0	357.0	1125.0	1996.0	51.0	1084.0	1186.0	729.0	299.0	549.0	615.0	2910.0	181.0	479.0	1618.0	1410.0	372.0	217.0	47.0	370.0	1160.0	96.0	181.0	538.0	1266.0	219.0
GH98	228.0	0.0	8.0	8.0	0.0	0.0	0.0	1.0	357.0	0.0	0.0	2.0	253.0	0.0	0.0	37.0	391.0	0.0	0.0	0.0	141.0	0.0	1.0	0.0	54.0	0.0	0.0	483.0	0.0
WP_003536474	0.0	0.0	1.0	0.0	0.0	0.0	0.0	0.0	0.0	0.0	0.0	0.0	0.0	10.0	0.0	0.0	0.0	0.0	0.0	0.0	0.0	0.0	0.0	96.0	0.0	0.0	0.0	0.0	0.0
WP_004842794	0.0	0.0	0.0	0.0	3.0	15.0	140.0	40.0	0.0	0.0	0.0	0.0	0.0	0.0	0.0	0.0	0.0	0.0	0.0	0.0	0.0	0.0	0.0	0.0	4.0	0.0	0.0	0.0	0.0
WP_004843532	0.0	0.0	0.0	0.0	0.0	0.0	0.0	0.0	0.0	238.0	0.0	0.0	0.0	0.0	0.0	0.0	0.0	0.0	35.0	0.0	0.0	0.0	0.0	0.0	0.0	0.0	0.0	0.0	0.0
WP_005602399	0.0	0.0	0.0	6.0	0.0	0.0	0.0	0.0	0.0	0.0	0.0	0.0	0.0	0.0	0.0	0.0	0.0	0.0	0.0	1.0	3.0	2.0	1.0	0.0	0.0	0.0	53.0	8.0	0.0
WP_005640895	0.0	0.0	0.0	0.0	0.0	0.0	0.0	0.0	0.0	0.0	0.0	0.0	0.0	0.0	0.0	0.0	0.0	0.0	0.0	291.0	0.0	0.0	0.0	0.0	0.0	0.0	0.0	0.0	0.0
WP_005682123	0.0	0.0	0.0	0.0	0.0	724.0	0.0	0.0	60.0	0.0	0.0	0.0	0.0	0.0	0.0	0.0	0.0	0.0	0.0	0.0	0.0	0.0	0.0	0.0	0.0	0.0	0.0	0.0	0.0
WP_005794991	0.0	0.0	0.0	0.0	0.0	128.0	0.0	0.0	44.0	0.0	0.0	0.0	0.0	0.0	0.0	0.0	0.0	0.0	0.0	0.0	0.0	0.0	0.0	0.0	0.0	0.0	0.0	0.0	0.0
WP_005843068	0.0	0.0	0.0	0.0	0.0	0.0	305.0	0.0	0.0	0.0	0.0	0.0	0.0	0.0	0.0	0.0	0.0	0.0	0.0	0.0	0.0	0.0	0.0	0.0	0.0	0.0	0.0	0.0	0.0
WP_005843592	0.0	0.0	0.0	0.0	0.0	0.0	300.0	0.0	0.0	0.0	0.0	0.0	0.0	0.0	0.0	0.0	0.0	0.0	0.0	0.0	0.0	0.0	0.0	0.0	0.0	0.0	0.0	0.0	0.0
WP_005866465	0.0	0.0	0.0	0.0	0.0	0.0	0.0	0.0	0.0	0.0	0.0	0.0	0.0	0.0	0.0	0.0	0.0	0.0	0.0	288.0	0.0	0.0	0.0	0.0	0.0	0.0	0.0	0.0	0.0
WP_005867100	0.0	0.0	0.0	0.0	0.0	0.0	0.0	0.0	0.0	0.0	0.0	0.0	0.0	0.0	0.0	0.0	0.0	0.0	0.0	116.0	0.0	0.0	0.0	0.0	0.0	0.0	0.0	0.0	0.0
WP_005931648	1.0	0.0	3.0	0.0	0.0	0.0	2.0	0.0	0.0	0.0	0.0	0.0	0.0	0.0	0.0	0.0	0.0	0.0	0.0	0.0	0.0	0.0	0.0	0.0	1.0	0.0	0.0	0.0	0.0
WP_006638533	1.0	0.0	0.0	0.0	0.0	0.0	0.0	0.0	0.0	0.0	0.0	0.0	0.0	0.0	259.0	0.0	0.0	0.0	80.0	0.0	1.0	13.0	7.0	0.0	1.0	0.0	0.0	2.0	0.0
WP_006800771	0.0	198.0	0.0	233.0	37.0	0.0	8.0	0.0	0.0	0.0	0.0	0.0	0.0	0.0	0.0	0.0	0.0	0.0	0.0	0.0	0.0	0.0	0.0	0.0	0.0	0.0	0.0	0.0	0.0
WP_006842305	0.0	12.0	0.0	25.0	107.0	0.0	5.0	0.0	0.0	0.0	0.0	0.0	0.0	0.0	0.0	0.0	0.0	0.0	0.0	0.0	0.0	0.0	0.0	0.0	0.0	0.0	0.0	0.0	0.0
WP_006843049	0.0	0.0	0.0	0.0	0.0	0.0	0.0	0.0	0.0	0.0	0.0	0.0	0.0	0.0	0.0	0.0	0.0	0.0	0.0	241.0	0.0	0.0	0.0	0.0	0.0	0.0	0.0	0.0	0.0
WP_006856572	246.0	31.0	0.0	0.0	36.0	80.0	4.0	0.0	172.0	15.0	0.0	0.0	0.0	0.0	0.0	0.0	76.0	0.0	0.0	6.0	2.0	0.0	10.0	0.0	9.0	0.0	0.0	0.0	1.0
WP_007561100	0.0	0.0	0.0	0.0	0.0	0.0	363.0	0.0	0.0	0.0	0.0	0.0	0.0	0.0	0.0	0.0	0.0	0.0	0.0	0.0	0.0	0.0	0.0	0.0	0.0	0.0	0.0	0.0	0.0
WP_007832894	0.0	0.0	0.0	0.0	0.0	0.0	342.0	0.0	0.0	0.0	0.0	0.0	0.0	0.0	0.0	0.0	0.0	0.0	0.0	0.0	0.0	0.0	0.0	0.0	0.0	0.0	0.0	0.0	0.0
WP_007832982	0.0	0.0	0.0	0.0	0.0	0.0	393.0	0.0	0.0	0.0	0.0	0.0	0.0	0.0	0.0	0.0	0.0	0.0	0.0	0.0	0.0	0.0	0.0	0.0	0.0	0.0	0.0	0.0	0.0
WP_007835166	0.0	0.0	0.0	0.0	0.0	0.0	319.0	0.0	0.0	0.0	0.0	0.0	0.0	0.0	0.0	0.0	0.0	0.0	0.0	0.0	0.0	0.0	0.0	0.0	0.0	0.0	0.0	0.0	0.0
WP_007836580	0.0	0.0	0.0	0.0	0.0	0.0	244.0	0.0	0.0	0.0	0.0	0.0	0.0	0.0	0.0	0.0	0.0	0.0	0.0	0.0	0.0	0.0	0.0	0.0	0.0	0.0	0.0	0.0	0.0
WP_007838864	0.0	0.0	0.0	0.0	0.0	0.0	315.0	0.0	0.0	0.0	0.0	0.0	0.0	0.0	0.0	0.0	0.0	0.0	0.0	0.0	0.0	0.0	0.0	0.0	0.0	0.0	0.0	0.0	0.0
WP_007838869	0.0	0.0	0.0	0.0	0.0	0.0	356.0	0.0	0.0	0.0	0.0	0.0	0.0	0.0	0.0	0.0	0.0	0.0	0.0	0.0	0.0	0.0	0.0	0.0	0.0	0.0	0.0	0.0	0.0
WP_007848853	0.0	0.0	0.0	0.0	0.0	0.0	397.0	0.0	0.0	0.0	0.0	0.0	0.0	0.0	0.0	0.0	0.0	0.0	0.0	0.0	0.0	0.0	0.0	0.0	0.0	0.0	0.0	0.0	0.0
WP_008142748	0.0	0.0	0.0	0.0	0.0	0.0	387.0	0.0	0.0	0.0	0.0	0.0	0.0	0.0	0.0	0.0	0.0	0.0	0.0	2.0	0.0	0.0	0.0	0.0	0.0	0.0	0.0	0.0	0.0
WP_008145478	0.0	79.0	0.0	97.0	23.0	0.0	5.0	0.0	0.0	0.0	0.0	0.0	0.0	0.0	0.0	0.0	0.0	0.0	0.0	0.0	0.0	0.0	0.0	0.0	0.0	0.0	0.0	0.0	0.0
WP_009124726	167.0	0.0	0.0	0.0	0.0	0.0	0.0	0.0	0.0	0.0	0.0	0.0	0.0	0.0	0.0	0.0	0.0	0.0	0.0	0.0	0.0	0.0	0.0	0.0	0.0	0.0	0.0	0.0	0.0
WP_009135008	0.0	0.0	0.0	4.0	0.0	18.0	0.0	58.0	0.0	0.0	0.0	0.0	0.0	0.0	0.0	0.0	0.0	0.0	0.0	0.0	1.0	0.0	0.0	0.0	0.0	0.0	0.0	0.0	0.0
WP_009136743	0.0	0.0	0.0	0.0	0.0	257.0	0.0	0.0	94.0	0.0	0.0	0.0	0.0	0.0	0.0	0.0	0.0	0.0	0.0	0.0	0.0	0.0	0.0	0.0	0.0	0.0	0.0	0.0	0.0
WP_010266002	0.0	83.0	21.0	198.0	0.0	373.0	0.0	0.0	0.0	0.0	0.0	0.0	0.0	0.0	0.0	0.0	0.0	0.0	0.0	1.0	1.0	0.0	0.0	0.0	0.0	0.0	0.0	14.0	0.0
WP_010738051	0.0	0.0	1.0	0.0	0.0	0.0	0.0	126.0	0.0	0.0	0.0	0.0	0.0	0.0	0.0	0.0	0.0	0.0	0.0	0.0	0.0	0.0	0.0	0.0	0.0	0.0	0.0	0.0	0.0
WP_010992682	0.0	0.0	0.0	0.0	0.0	92.0	0.0	1.0	93.0	0.0	0.0	0.0	0.0	0.0	0.0	0.0	0.0	0.0	0.0	0.0	0.0	0.0	0.0	0.0	0.0	0.0	0.0	0.0	0.0
WP_011965053	0.0	0.0	0.0	0.0	0.0	0.0	516.0	0.0	0.0	0.0	0.0	0.0	0.0	0.0	0.0	0.0	0.0	0.0	0.0	0.0	0.0	0.0	0.0	0.0	0.0	0.0	0.0	0.0	0.0
WP_013612085	72.0	0.0	0.0	0.0	0.0	182.0	0.0	0.0	62.0	0.0	0.0	0.0	0.0	0.0	0.0	0.0	0.0	0.0	0.0	0.0	0.0	0.0	0.0	0.0	0.0	0.0	0.0	0.0	0.0
WP_013613694	267.0	0.0	0.0	0.0	0.0	566.0	0.0	0.0	194.0	0.0	0.0	0.0	0.0	0.0	0.0	0.0	0.0	0.0	0.0	0.0	0.0	0.0	0.0	0.0	0.0	0.0	0.0	0.0	0.0
WP_015027715	0.0	0.0	0.0	0.0	0.0	0.0	0.0	0.0	0.0	0.0	0.0	0.0	0.0	0.0	0.0	0.0	0.0	0.0	0.0	136.0	0.0	0.0	0.0	0.0	0.0	0.0	0.0	0.0	0.0
WP_015267202	0.0	0.0	0.0	0.0	0.0	0.0	152.0	0.0	0.0	0.0	0.0	0.0	0.0	0.0	0.0	0.0	0.0	0.0	0.0	0.0	0.0	0.0	0.0	0.0	0.0	0.0	0.0	0.0	0.0
WP_015485175	0.0	0.0	0.0	0.0	0.0	0.0	0.0	0.0	0.0	0.0	0.0	0.0	0.0	0.0	0.0	0.0	0.0	0.0	0.0	0.0	0.0	0.0	0.0	0.0	35.0	0.0	0.0	0.0	0.0
WP_015546953	0.0	175.0	0.0	190.0	58.0	0.0	8.0	0.0	0.0	0.0	0.0	0.0	0.0	0.0	0.0	0.0	0.0	0.0	0.0	0.0	0.0	0.0	0.0	0.0	0.0	0.0	0.0	0.0	0.0
WP_015547607	0.0	427.0	189.0	242.0	34.0	0.0	44.0	0.0	0.0	0.0	0.0	0.0	0.0	0.0	0.0	0.0	0.0	0.0	0.0	11.0	1.0	0.0	0.0	0.0	0.0	0.0	30.0	2.0	0.0
WP_016275338	0.0	0.0	0.0	0.0	0.0	0.0	449.0	0.0	0.0	0.0	0.0	0.0	0.0	0.0	0.0	0.0	0.0	0.0	0.0	0.0	0.0	0.0	0.0	0.0	0.0	0.0	0.0	0.0	0.0
WP_016275448	0.0	0.0	0.0	0.0	0.0	0.0	201.0	0.0	0.0	0.0	0.0	0.0	0.0	0.0	0.0	0.0	0.0	0.0	0.0	0.0	0.0	0.0	0.0	0.0	0.0	0.0	0.0	0.0	0.0
WP_016275516	0.0	0.0	0.0	0.0	0.0	0.0	192.0	0.0	0.0	0.0	0.0	0.0	0.0	0.0	0.0	0.0	0.0	0.0	0.0	0.0	0.0	0.0	0.0	0.0	0.0	0.0	0.0	0.0	0.0
WP_016275534	0.0	0.0	0.0	0.0	0.0	0.0	353.0	0.0	0.0	0.0	0.0	0.0	0.0	0.0	0.0	0.0	0.0	0.0	0.0	0.0	0.0	0.0	0.0	0.0	0.0	0.0	0.0	0.0	0.0
WP_018666879	0.0	0.0	0.0	0.0	0.0	0.0	0.0	0.0	0.0	0.0	0.0	0.0	0.0	0.0	0.0	0.0	0.0	0.0	0.0	410.0	0.0	0.0	0.0	0.0	0.0	0.0	0.0	0.0	0.0
WP_021986762	132.0	96.0	85.0	377.0	0.0	0.0	0.0	0.0	0.0	0.0	0.0	0.0	0.0	0.0	0.0	0.0	0.0	0.0	0.0	0.0	59.0	0.0	0.0	0.0	0.0	21.0	202.0	335.0	74.0
WP_023923965	0.0	0.0	0.0	0.0	0.0	0.0	0.0	0.0	0.0	0.0	0.0	0.0	65.0	0.0	0.0	20.0	0.0	0.0	0.0	0.0	0.0	0.0	0.0	0.0	1.0	0.0	0.0	0.0	0.0
WP_024293522	0.0	0.0	0.0	0.0	0.0	0.0	0.0	0.0	0.0	0.0	0.0	0.0	0.0	0.0	342.0	0.0	0.0	0.0	0.0	0.0	0.0	1.0	0.0	0.0	0.0	0.0	0.0	0.0	0.0
WP_024834994	0.0	0.0	0.0	0.0	0.0	0.0	0.0	0.0	0.0	0.0	385.0	0.0	342.0	0.0	63.0	0.0	0.0	0.0	863.0	0.0	0.0	0.0	0.0	848.0	0.0	0.0	0.0	0.0	0.0
WP_026890029	0.0	0.0	0.0	0.0	0.0	0.0	0.0	0.0	0.0	0.0	220.0	0.0	197.0	0.0	46.0	0.0	0.0	0.0	539.0	1.0	0.0	2.0	11.0	518.0	0.0	74.0	0.0	0.0	21.0
WP_026891906	0.0	0.0	0.0	0.0	0.0	0.0	0.0	1.0	0.0	0.0	351.0	0.0	313.0	0.0	70.0	0.0	0.0	0.0	799.0	0.0	0.0	0.0	0.0	843.0	0.0	0.0	0.0	0.0	0.0
WP_032935898	0.0	0.0	0.0	0.0	0.0	0.0	410.0	0.0	0.0	0.0	0.0	0.0	0.0	0.0	0.0	0.0	0.0	0.0	0.0	0.0	0.0	0.0	0.0	0.0	0.0	0.0	0.0	0.0	0.0
WP_034599377	0.0	0.0	0.0	0.0	0.0	0.0	0.0	0.0	1.0	0.0	331.0	0.0	307.0	0.0	87.0	0.0	0.0	0.0	815.0	0.0	0.0	0.0	0.0	772.0	0.0	0.0	0.0	0.0	0.0
WP_035456300	187.0	171.0	147.0	607.0	0.0	0.0	0.0	0.0	0.0	0.0	0.0	0.0	0.0	0.0	0.0	0.0	0.0	0.0	0.0	0.0	85.0	0.0	0.0	0.0	0.0	39.0	333.0	647.0	141.0
WP_041174518	0.0	0.0	0.0	0.0	0.0	0.0	559.0	0.0	0.0	0.0	0.0	0.0	0.0	0.0	0.0	0.0	0.0	0.0	0.0	0.0	0.0	0.0	0.0	0.0	0.0	0.0	0.0	0.0	0.0
WP_048621587	1.0	34.0	71.0	4.0	29.0	0.0	0.0	0.0	89.0	0.0	0.0	57.0	0.0	0.0	0.0	105.0	108.0	0.0	0.0	2.0	0.0	0.0	3.0	0.0	1.0	1.0	0.0	0.0	1.0
WP_050005612	15.0	0.0	6.0	0.0	0.0	0.0	2.0	14.0	0.0	0.0	0.0	0.0	0.0	0.0	0.0	0.0	0.0	0.0	0.0	0.0	0.0	0.0	0.0	0.0	2.0	0.0	0.0	0.0	0.0
WP_057326552	0.0	0.0	0.0	0.0	0.0	0.0	0.0	0.0	0.0	0.0	0.0	0.0	0.0	0.0	0.0	0.0	0.0	0.0	0.0	89.0	0.0	0.0	0.0	0.0	0.0	0.0	0.0	0.0	0.0
WP_064974443	0.0	21.0	0.0	17.0	49.0	0.0	8.0	0.0	0.0	0.0	0.0	0.0	0.0	0.0	0.0	0.0	0.0	0.0	0.0	0.0	0.0	0.0	0.0	0.0	0.0	0.0	0.0	0.0	0.0
WP_066402067	250.0	222.0	125.0	779.0	0.0	0.0	0.0	0.0	0.0	0.0	0.0	0.0	0.0	0.0	0.0	0.0	0.0	0.0	0.0	0.0	82.0	0.0	0.0	0.0	0.0	46.0	290.0	699.0	237.0
WP_068622811	0.0	0.0	0.0	0.0	0.0	0.0	0.0	0.0	0.0	0.0	0.0	0.0	0.0	0.0	0.0	0.0	0.0	0.0	0.0	4.0	13.0	56.0	1.0	0.0	76.0	0.0	11.0	1.0	11.0
WP_068691455	0.0	0.0	0.0	0.0	0.0	333.0	0.0	1.0	140.0	0.0	0.0	0.0	0.0	0.0	0.0	0.0	0.0	0.0	0.0	0.0	0.0	0.0	0.0	0.0	0.0	0.0	0.0	0.0	0.0
WP_069156396	6.0	0.0	0.0	0.0	0.0	46.0	0.0	1.0	239.0	0.0	0.0	0.0	0.0	0.0	0.0	0.0	0.0	0.0	0.0	1.0	0.0	0.0	0.0	0.0	28.0	0.0	36.0	0.0	7.0
WP_072529783	0.0	0.0	0.0	0.0	0.0	0.0	184.0	0.0	0.0	0.0	0.0	0.0	0.0	0.0	0.0	0.0	0.0	0.0	0.0	0.0	0.0	0.0	0.0	0.0	0.0	0.0	0.0	0.0	0.0
WP_072531098	0.0	0.0	0.0	0.0	0.0	0.0	256.0	0.0	0.0	0.0	0.0	0.0	0.0	0.0	0.0	0.0	0.0	0.0	0.0	0.0	0.0	0.0	0.0	0.0	0.0	0.0	0.0	0.0	0.0
WP_072969196	0.0	0.0	0.0	0.0	0.0	0.0	0.0	4.0	0.0	0.0	0.0	0.0	0.0	3.0	56.0	0.0	0.0	0.0	0.0	0.0	0.0	0.0	1.0	0.0	0.0	82.0	0.0	0.0	0.0
WP_073097863	0.0	0.0	0.0	0.0	0.0	0.0	0.0	0.0	0.0	0.0	0.0	0.0	0.0	0.0	0.0	0.0	0.0	0.0	0.0	103.0	0.0	0.0	0.0	0.0	0.0	0.0	0.0	0.0	0.0
WP_073103539	3.0	47.0	0.0	0.0	25.0	6.0	16.0	0.0	0.0	0.0	0.0	0.0	0.0	0.0	0.0	0.0	0.0	0.0	0.0	2.0	1.0	0.0	0.0	0.0	1.0	0.0	0.0	0.0	0.0
WP_073272921	3.0	0.0	0.0	15.0	0.0	0.0	0.0	0.0	0.0	0.0	0.0	0.0	0.0	0.0	0.0	0.0	0.0	0.0	0.0	0.0	3.0	5.0	2.0	0.0	0.0	0.0	110.0	8.0	0.0
WP_073278494	0.0	0.0	0.0	0.0	0.0	0.0	0.0	12.0	0.0	0.0	0.0	0.0	0.0	12.0	101.0	0.0	0.0	0.0	0.0	0.0	0.0	13.0	0.0	0.0	0.0	136.0	0.0	0.0	0.0
WP_073400646	0.0	0.0	0.0	0.0	0.0	0.0	0.0	0.0	0.0	0.0	0.0	0.0	0.0	0.0	0.0	0.0	0.0	0.0	0.0	128.0	0.0	0.0	0.0	0.0	0.0	0.0	0.0	0.0	0.0
WP_075966794	0.0	0.0	0.0	0.0	0.0	0.0	193.0	0.0	0.0	0.0	0.0	0.0	0.0	0.0	0.0	0.0	0.0	0.0	0.0	0.0	0.0	0.0	0.0	0.0	0.0	0.0	0.0	0.0	0.0
WP_075967093	0.0	0.0	0.0	0.0	0.0	0.0	0.0	0.0	0.0	0.0	0.0	0.0	0.0	0.0	0.0	0.0	0.0	0.0	0.0	140.0	0.0	0.0	0.0	0.0	0.0	0.0	0.0	0.0	0.0
WP_077152523	0.0	0.0	0.0	65.0	0.0	0.0	14.0	0.0	0.0	0.0	0.0	0.0	0.0	0.0	0.0	0.0	0.0	0.0	0.0	0.0	0.0	0.0	0.0	0.0	0.0	0.0	0.0	0.0	0.0
WP_078351237	0.0	0.0	0.0	0.0	0.0	0.0	0.0	0.0	0.0	0.0	0.0	0.0	0.0	0.0	0.0	0.0	0.0	0.0	0.0	191.0	0.0	0.0	0.0	0.0	0.0	0.0	0.0	0.0	0.0
WP_079427426	0.0	0.0	0.0	0.0	0.0	26.0	0.0	0.0	109.0	0.0	0.0	0.0	0.0	0.0	0.0	0.0	0.0	0.0	0.0	0.0	0.0	0.0	0.0	0.0	11.0	0.0	9.0	0.0	2.0
WP_079682641	0.0	0.0	0.0	0.0	0.0	0.0	0.0	0.0	0.0	0.0	0.0	0.0	0.0	0.0	0.0	0.0	0.0	0.0	0.0	124.0	0.0	0.0	0.0	0.0	0.0	0.0	0.0	0.0	0.0
WP_082944018	0.0	78.0	28.0	189.0	0.0	378.0	0.0	0.0	0.0	0.0	0.0	0.0	0.0	0.0	0.0	0.0	0.0	0.0	0.0	0.0	0.0	0.0	0.0	0.0	0.0	0.0	0.0	0.0	0.0
WP_083461463	0.0	0.0	0.0	0.0	0.0	0.0	0.0	2.0	7.0	119.0	3.0	0.0	0.0	132.0	0.0	0.0	45.0	2.0	0.0	0.0	0.0	0.0	29.0	0.0	0.0	39.0	0.0	6.0	0.0
WP_083535713	560.0	370.0	392.0	1386.0	0.0	0.0	0.0	0.0	0.0	0.0	0.0	0.0	0.0	0.0	0.0	0.0	0.0	0.0	0.0	0.0	86.0	0.0	0.0	0.0	0.0	50.0	420.0	687.0	137.0
WP_090923569	0.0	0.0	0.0	0.0	0.0	0.0	0.0	0.0	0.0	0.0	32.0	0.0	5.0	9.0	0.0	0.0	2.0	0.0	116.0	0.0	0.0	0.0	0.0	1.0	0.0	0.0	0.0	0.0	0.0
WP_092869883	0.0	12.0	0.0	0.0	1.0	0.0	1.0	0.0	43.0	4.0	0.0	0.0	0.0	0.0	0.0	0.0	0.0	0.0	0.0	0.0	0.0	0.0	0.0	0.0	0.0	0.0	0.0	0.0	0.0
WP_095898777	0.0	0.0	0.0	0.0	0.0	0.0	338.0	0.0	0.0	0.0	0.0	0.0	0.0	0.0	0.0	0.0	0.0	0.0	0.0	0.0	0.0	0.0	0.0	0.0	0.0	0.0	0.0	0.0	0.0
WP_099469910	0.0	0.0	0.0	0.0	0.0	0.0	0.0	0.0	0.0	0.0	0.0	0.0	163.0	0.0	0.0	21.0	0.0	0.0	0.0	0.0	0.0	0.0	0.0	0.0	0.0	0.0	0.0	0.0	0.0
WP_100305973	0.0	0.0	0.0	0.0	0.0	2.0	0.0	0.0	0.0	0.0	87.0	0.0	43.0	25.0	1.0	17.0	0.0	0.0	135.0	0.0	0.0	0.0	0.0	1.0	0.0	0.0	0.0	3.0	0.0
WP_100307226	0.0	0.0	0.0	0.0	0.0	0.0	0.0	0.0	0.0	292.0	640.0	0.0	508.0	80.0	66.0	15.0	63.0	1349.0	1143.0	0.0	0.0	0.0	0.0	967.0	1.0	0.0	0.0	5.0	0.0
WP_101688959	0.0	0.0	0.0	0.0	0.0	0.0	477.0	0.0	0.0	0.0	0.0	0.0	0.0	0.0	0.0	0.0	0.0	0.0	0.0	0.0	0.0	0.0	0.0	0.0	0.0	0.0	0.0	0.0	0.0
WP_102721236	64.0	0.0	0.0	0.0	0.0	0.0	0.0	0.0	0.0	0.0	0.0	0.0	0.0	0.0	0.0	0.0	0.0	0.0	0.0	0.0	0.0	0.0	0.0	0.0	0.0	0.0	0.0	0.0	0.0
WP_106596352	0.0	0.0	0.0	0.0	0.0	0.0	286.0	0.0	0.0	0.0	0.0	0.0	0.0	0.0	0.0	0.0	0.0	0.0	0.0	0.0	0.0	0.0	0.0	0.0	0.0	0.0	0.0	0.0	0.0
WP_106830204	0.0	111.0	0.0	118.0	9.0	0.0	5.0	0.0	0.0	0.0	0.0	0.0	0.0	0.0	0.0	0.0	0.0	0.0	0.0	0.0	0.0	0.0	0.0	0.0	0.0	0.0	0.0	0.0	0.0
WP_107032344	0.0	191.0	19.0	137.0	0.0	296.0	0.0	0.0	0.0	0.0	0.0	0.0	0.0	0.0	0.0	0.0	0.0	0.0	0.0	0.0	0.0	0.0	0.0	0.0	0.0	0.0	12.0	7.0	0.0
WP_117507363	0.0	91.0	0.0	0.0	0.0	0.0	0.0	0.0	0.0	0.0	0.0	0.0	0.0	0.0	0.0	0.0	0.0	0.0	0.0	0.0	0.0	0.0	0.0	0.0	0.0	0.0	0.0	0.0	0.0
WP_118209765	161.0	119.0	52.0	102.0	117.0	36.0	140.0	37.0	160.0	0.0	178.0	24.0	1.0	624.0	0.0	236.0	0.0	22.0	0.0	36.0	44.0	49.0	273.0	0.0	91.0	666.0	79.0	139.0	32.0
WP_119598367	0.0	0.0	0.0	0.0	0.0	0.0	0.0	0.0	0.0	0.0	0.0	0.0	0.0	0.0	0.0	0.0	0.0	0.0	0.0	0.0	0.0	0.0	2.0	0.0	1.0	0.0	48.0	2.0	0.0
WP_121697875	0.0	4.0	1.0	0.0	0.0	0.0	0.0	1.0	212.0	0.0	0.0	0.0	0.0	8.0	0.0	6.0	239.0	0.0	0.0	0.0	0.0	6.0	0.0	0.0	17.0	0.0	0.0	0.0	0.0
WP_121699467	0.0	0.0	0.0	0.0	0.0	0.0	0.0	0.0	0.0	0.0	0.0	0.0	0.0	0.0	0.0	0.0	0.0	0.0	0.0	420.0	0.0	0.0	0.0	0.0	0.0	0.0	0.0	0.0	0.0
WP_122297414	0.0	0.0	0.0	0.0	0.0	0.0	0.0	0.0	0.0	0.0	0.0	0.0	0.0	0.0	0.0	0.0	0.0	0.0	0.0	249.0	0.0	0.0	0.0	0.0	0.0	0.0	0.0	0.0	0.0
WP_122351630	0.0	0.0	0.0	0.0	0.0	375.0	0.0	1.0	66.0	0.0	0.0	0.0	0.0	0.0	0.0	0.0	0.0	0.0	0.0	0.0	0.0	0.0	0.0	0.0	0.0	0.0	0.0	0.0	0.0
WP_128633554	0.0	0.0	0.0	0.0	0.0	0.0	0.0	0.0	0.0	0.0	312.0	0.0	294.0	0.0	51.0	0.0	0.0	0.0	714.0	0.0	0.0	0.0	0.0	735.0	0.0	0.0	0.0	0.0	0.0
WP_129649671	0.0	373.0	59.0	28.0	0.0	807.0	0.0	3.0	0.0	0.0	0.0	0.0	0.0	0.0	0.0	0.0	0.0	0.0	0.0	11.0	17.0	0.0	0.0	0.0	0.0	1.0	44.0	18.0	0.0
WP_131560702	4.0	0.0	0.0	41.0	0.0	0.0	0.0	78.0	0.0	0.0	0.0	0.0	0.0	0.0	0.0	27.0	0.0	0.0	0.0	0.0	0.0	0.0	0.0	0.0	0.0	0.0	0.0	0.0	0.0
WP_135952076	0.0	0.0	0.0	0.0	0.0	0.0	242.0	0.0	0.0	0.0	0.0	0.0	0.0	0.0	0.0	0.0	0.0	0.0	0.0	0.0	0.0	0.0	0.0	0.0	0.0	0.0	0.0	0.0	0.0
WP_136415067	0.0	0.0	0.0	0.0	0.0	37.0	0.0	85.0	0.0	0.0	0.0	0.0	0.0	0.0	0.0	0.0	0.0	0.0	0.0	0.0	1.0	0.0	0.0	0.0	0.0	0.0	0.0	0.0	0.0
WP_136900793	0.0	58.0	5.0	38.0	0.0	17.0	0.0	0.0	0.0	0.0	0.0	0.0	0.0	0.0	0.0	0.0	0.0	0.0	0.0	0.0	0.0	0.0	0.0	0.0	0.0	0.0	6.0	0.0	0.0
WP_140939328	228.0	0.0	0.0	0.0	0.0	0.0	0.0	0.0	0.0	0.0	0.0	0.0	0.0	0.0	0.0	0.0	0.0	0.0	0.0	0.0	0.0	0.0	0.0	0.0	0.0	0.0	0.0	0.0	0.0
WP_141813881	0.0	0.0	0.0	0.0	0.0	0.0	0.0	5.0	0.0	0.0	0.0	0.0	0.0	98.0	0.0	0.0	0.0	0.0	0.0	144.0	0.0	0.0	0.0	0.0	0.0	0.0	0.0	3.0	0.0
WP_143868393	0.0	0.0	0.0	0.0	0.0	0.0	0.0	0.0	0.0	0.0	0.0	0.0	0.0	0.0	0.0	0.0	0.0	0.0	0.0	270.0	0.0	0.0	0.0	0.0	0.0	0.0	0.0	0.0	0.0
WP_154518680	0.0	27.0	111.0	1.0	30.0	0.0	1.0	4.0	98.0	0.0	0.0	111.0	163.0	5.0	328.0	200.0	0.0	0.0	0.0	12.0	1.0	0.0	2.0	0.0	6.0	295.0	0.0	5.0	1.0
WP_154580403	0.0	0.0	0.0	0.0	0.0	0.0	0.0	1.0	0.0	0.0	0.0	0.0	0.0	3.0	40.0	0.0	0.0	0.0	0.0	0.0	0.0	0.0	0.0	0.0	0.0	63.0	0.0	0.0	0.0
WP_158662669	4.0	15.0	2.0	17.0	24.0	3.0	0.0	61.0	0.0	0.0	0.0	0.0	0.0	0.0	0.0	0.0	0.0	0.0	0.0	0.0	0.0	0.0	0.0	0.0	0.0	0.0	0.0	0.0	0.0
WP_158867628	0.0	0.0	220.0	0.0	0.0	0.0	36.0	0.0	0.0	0.0	0.0	0.0	0.0	0.0	0.0	0.0	0.0	0.0	0.0	0.0	0.0	0.0	0.0	0.0	0.0	0.0	0.0	0.0	0.0
WP_159749506	19.0	40.0	27.0	8.0	2.0	1.0	0.0	1.0	41.0	0.0	0.0	0.0	0.0	0.0	0.0	0.0	0.0	0.0	0.0	2.0	4.0	0.0	30.0	0.0	4.0	9.0	0.0	2.0	5.0
WP_159750170	0.0	0.0	0.0	0.0	0.0	0.0	1.0	0.0	38.0	0.0	0.0	0.0	0.0	0.0	0.0	0.0	0.0	0.0	0.0	0.0	1.0	0.0	35.0	0.0	0.0	0.0	0.0	0.0	0.0
WP_160561949	0.0	0.0	0.0	7.0	0.0	0.0	0.0	1.0	3.0	0.0	0.0	0.0	0.0	0.0	0.0	0.0	0.0	0.0	0.0	3.0	1.0	4.0	0.0	0.0	1.0	0.0	42.0	0.0	2.0
WP_167962279	0.0	139.0	0.0	164.0	14.0	0.0	2.0	0.0	0.0	0.0	0.0	0.0	0.0	0.0	0.0	0.0	0.0	0.0	0.0	0.0	0.0	0.0	0.0	0.0	0.0	0.0	0.0	0.0	0.0
WP_170120039	0.0	0.0	202.0	0.0	0.0	0.0	0.0	0.0	0.0	0.0	0.0	0.0	0.0	0.0	0.0	0.0	0.0	0.0	0.0	0.0	0.0	0.0	0.0	0.0	0.0	0.0	0.0	0.0	0.0
WP_170820814	0.0	0.0	0.0	0.0	0.0	0.0	0.0	0.0	0.0	34.0	0.0	0.0	0.0	24.0	0.0	0.0	24.0	643.0	5.0	0.0	0.0	0.0	0.0	0.0	0.0	0.0	0.0	0.0	0.0
WP_172391116	0.0	228.0	0.0	0.0	0.0	0.0	0.0	0.0	0.0	0.0	0.0	0.0	0.0	0.0	0.0	0.0	0.0	0.0	0.0	0.0	0.0	0.0	0.0	0.0	0.0	0.0	0.0	0.0	0.0
WP_172794156	0.0	100.0	0.0	0.0	0.0	0.0	0.0	0.0	0.0	0.0	0.0	0.0	0.0	0.0	0.0	0.0	0.0	2.0	0.0	6.0	0.0	0.0	0.0	0.0	0.0	0.0	0.0	0.0	0.0
WP_176253724	0.0	0.0	0.0	0.0	0.0	0.0	0.0	0.0	0.0	262.0	587.0	0.0	475.0	0.0	114.0	0.0	2.0	22.0	1205.0	0.0	0.0	0.0	0.0	1174.0	0.0	0.0	0.0	0.0	0.0
WP_182070812	0.0	0.0	0.0	0.0	0.0	23.0	0.0	0.0	109.0	0.0	0.0	0.0	0.0	0.0	0.0	0.0	0.0	0.0	0.0	1.0	0.0	0.0	0.0	0.0	6.0	0.0	16.0	0.0	8.0
WP_183305206	0.0	0.0	0.0	0.0	0.0	0.0	194.0	0.0	0.0	0.0	0.0	0.0	0.0	0.0	0.0	0.0	0.0	0.0	0.0	0.0	0.0	0.0	0.0	0.0	0.0	0.0	0.0	0.0	0.0
WP_183671480	0.0	0.0	0.0	0.0	0.0	0.0	0.0	0.0	0.0	0.0	0.0	0.0	0.0	0.0	0.0	0.0	0.0	0.0	0.0	318.0	0.0	0.0	0.0	0.0	0.0	0.0	0.0	0.0	0.0
WP_184093583	0.0	0.0	0.0	0.0	0.0	0.0	0.0	0.0	0.0	237.0	611.0	0.0	479.0	20.0	96.0	0.0	24.0	567.0	1416.0	0.0	0.0	0.0	0.0	1290.0	0.0	0.0	0.0	0.0	0.0
WP_184653446	2.0	0.0	0.0	0.0	0.0	8.0	0.0	0.0	73.0	0.0	0.0	0.0	0.0	0.0	0.0	0.0	0.0	0.0	0.0	0.0	0.0	0.0	0.0	0.0	6.0	0.0	11.0	0.0	4.0
WP_186755338	0.0	0.0	0.0	0.0	0.0	0.0	0.0	0.0	0.0	0.0	0.0	0.0	0.0	0.0	0.0	0.0	0.0	0.0	0.0	174.0	0.0	0.0	0.0	0.0	0.0	0.0	0.0	0.0	0.0
WP_186873881	3.0	22.0	20.0	0.0	31.0	0.0	0.0	1.0	78.0	0.0	0.0	0.0	0.0	0.0	0.0	66.0	0.0	0.0	0.0	0.0	1.0	0.0	8.0	0.0	0.0	10.0	0.0	1.0	0.0
WP_186877459	28.0	6.0	20.0	15.0	71.0	51.0	24.0	22.0	180.0	0.0	0.0	0.0	0.0	0.0	0.0	0.0	0.0	0.0	0.0	5.0	2.0	4.0	0.0	0.0	1.0	0.0	1.0	4.0	3.0
WP_187127762	2.0	0.0	0.0	0.0	0.0	0.0	0.0	0.0	0.0	0.0	0.0	0.0	0.0	0.0	0.0	0.0	0.0	0.0	0.0	0.0	3.0	12.0	8.0	0.0	4.0	0.0	0.0	2.0	0.0
WP_195290006	0.0	0.0	55.0	1.0	0.0	25.0	14.0	58.0	0.0	0.0	0.0	0.0	0.0	0.0	0.0	0.0	0.0	0.0	0.0	0.0	0.0	0.0	0.0	0.0	0.0	0.0	0.0	0.0	0.0
WP_195459804	0.0	0.0	0.0	3.0	0.0	19.0	0.0	81.0	0.0	0.0	0.0	0.0	0.0	0.0	0.0	0.0	0.0	0.0	0.0	0.0	2.0	0.0	0.0	0.0	0.0	0.0	0.0	0.0	0.0
WP_195497020	0.0	0.0	0.0	4.0	0.0	22.0	1.0	112.0	0.0	0.0	0.0	0.0	0.0	0.0	0.0	0.0	0.0	0.0	0.0	0.0	0.0	0.0	0.0	0.0	0.0	0.0	0.0	0.0	0.0
WP_201900447	0.0	0.0	0.0	0.0	2.0	0.0	0.0	1.0	0.0	0.0	0.0	0.0	0.0	25.0	0.0	0.0	1.0	0.0	0.0	0.0	0.0	0.0	0.0	59.0	0.0	0.0	0.0	0.0	0.0
WP_202856239	0.0	144.0	19.0	106.0	0.0	283.0	145.0	103.0	0.0	0.0	0.0	0.0	0.0	0.0	0.0	0.0	0.0	0.0	0.0	9.0	4.0	0.0	0.0	0.0	0.0	0.0	17.0	7.0	0.0
WP_204826617	0.0	0.0	0.0	0.0	93.0	0.0	2.0	1.0	0.0	0.0	342.0	0.0	326.0	0.0	29.0	0.0	0.0	0.0	758.0	0.0	0.0	1.0	0.0	734.0	0.0	0.0	1.0	1.0	0.0
WP_209656971	0.0	0.0	0.0	0.0	0.0	0.0	130.0	0.0	0.0	0.0	0.0	0.0	0.0	0.0	0.0	0.0	0.0	0.0	0.0	0.0	0.0	0.0	0.0	0.0	0.0	0.0	0.0	0.0	0.0
WP_211737563	0.0	0.0	0.0	0.0	0.0	0.0	0.0	0.0	0.0	0.0	0.0	0.0	0.0	0.0	0.0	0.0	0.0	0.0	0.0	254.0	0.0	0.0	0.0	0.0	0.0	0.0	0.0	0.0	0.0
WP_211738137	0.0	0.0	0.0	0.0	0.0	0.0	0.0	0.0	0.0	0.0	0.0	0.0	0.0	0.0	0.0	0.0	0.0	0.0	0.0	249.0	0.0	0.0	0.0	0.0	0.0	0.0	0.0	0.0	0.0
WP_211738373	0.0	0.0	0.0	0.0	0.0	0.0	0.0	0.0	0.0	0.0	0.0	0.0	0.0	0.0	0.0	0.0	0.0	0.0	0.0	129.0	0.0	0.0	0.0	0.0	0.0	0.0	0.0	0.0	0.0
WP_211738541	0.0	0.0	0.0	0.0	0.0	0.0	0.0	0.0	0.0	0.0	0.0	0.0	0.0	0.0	0.0	0.0	0.0	0.0	0.0	275.0	0.0	0.0	0.0	0.0	0.0	0.0	0.0	0.0	0.0
WP_211738588	0.0	0.0	0.0	0.0	0.0	0.0	0.0	0.0	0.0	0.0	0.0	0.0	0.0	0.0	0.0	0.0	0.0	0.0	0.0	256.0	0.0	0.0	0.0	0.0	0.0	0.0	0.0	0.0	0.0
WP_211738733	0.0	0.0	0.0	0.0	0.0	0.0	0.0	0.0	0.0	0.0	0.0	0.0	0.0	0.0	0.0	0.0	0.0	0.0	0.0	328.0	0.0	0.0	0.0	0.0	0.0	0.0	0.0	0.0	0.0
WP_211738751	0.0	0.0	0.0	0.0	0.0	0.0	0.0	0.0	0.0	0.0	0.0	0.0	0.0	0.0	0.0	0.0	0.0	0.0	0.0	372.0	0.0	0.0	0.0	0.0	0.0	0.0	0.0	0.0	0.0
WP_211738864	0.0	0.0	0.0	0.0	0.0	0.0	0.0	0.0	0.0	0.0	0.0	0.0	0.0	0.0	0.0	0.0	0.0	0.0	0.0	344.0	0.0	0.0	0.0	0.0	0.0	0.0	0.0	0.0	0.0
WP_213348847	0.0	187.0	31.0	11.0	4.0	507.0	0.0	23.0	0.0	0.0	0.0	0.0	0.0	0.0	0.0	0.0	0.0	0.0	0.0	4.0	20.0	0.0	0.0	0.0	0.0	0.0	10.0	7.0	0.0
WP_215533070	118.0	0.0	30.0	1.0	3.0	0.0	0.0	0.0	0.0	0.0	0.0	0.0	0.0	0.0	0.0	0.0	0.0	0.0	0.0	1.0	0.0	0.0	0.0	0.0	0.0	0.0	0.0	2.0	0.0
WP_216521933	0.0	0.0	0.0	0.0	0.0	0.0	0.0	0.0	0.0	0.0	0.0	0.0	0.0	137.0	0.0	0.0	0.0	0.0	0.0	0.0	0.0	0.0	0.0	0.0	0.0	0.0	0.0	0.0	0.0
WP_216585409	0.0	0.0	0.0	0.0	0.0	0.0	0.0	5.0	5.0	137.0	14.0	0.0	0.0	0.0	0.0	0.0	0.0	0.0	0.0	0.0	0.0	0.0	26.0	0.0	0.0	0.0	0.0	4.0	0.0
WP_226386959	0.0	183.0	11.0	115.0	7.0	183.0	1.0	0.0	0.0	0.0	0.0	0.0	0.0	0.0	0.0	0.0	0.0	0.0	0.0	3.0	0.0	0.0	0.0	0.0	0.0	0.0	13.0	6.0	0.0
WP_226392746	0.0	0.0	0.0	0.0	0.0	0.0	0.0	0.0	0.0	0.0	77.0	0.0	35.0	15.0	0.0	7.0	0.0	0.0	68.0	0.0	0.0	0.0	0.0	0.0	0.0	0.0	0.0	0.0	0.0
WP_227200275	0.0	0.0	0.0	0.0	0.0	0.0	0.0	0.0	0.0	0.0	0.0	0.0	137.0	0.0	0.0	23.0	0.0	0.0	0.0	0.0	0.0	0.0	0.0	0.0	1.0	0.0	0.0	0.0	0.0
WP_227600850	0.0	0.0	0.0	0.0	0.0	0.0	0.0	0.0	3.0	0.0	0.0	0.0	0.0	0.0	0.0	0.0	0.0	0.0	0.0	1.0	3.0	20.0	0.0	0.0	4.0	0.0	7.0	0.0	0.0
WP_227614437	0.0	0.0	0.0	0.0	0.0	0.0	0.0	0.0	0.0	0.0	54.0	0.0	20.0	13.0	0.0	8.0	0.0	0.0	56.0	0.0	0.0	0.0	0.0	0.0	0.0	0.0	0.0	0.0	0.0
WP_227700189	0.0	0.0	84.0	0.0	0.0	0.0	0.0	0.0	0.0	0.0	0.0	76.0	0.0	0.0	0.0	0.0	0.0	0.0	0.0	2.0	1.0	0.0	0.0	0.0	7.0	206.0	0.0	2.0	0.0
WP_227733128	250.0	64.0	41.0	11.0	178.0	89.0	41.0	17.0	52.0	114.0	31.0	2.0	20.0	336.0	0.0	12.0	93.0	270.0	43.0	6.0	27.0	14.0	187.0	1.0	59.0	174.0	83.0	134.0	4.0
WP_228853384	0.0	0.0	0.0	0.0	0.0	0.0	262.0	0.0	0.0	0.0	0.0	0.0	0.0	0.0	0.0	0.0	0.0	0.0	0.0	0.0	0.0	0.0	0.0	0.0	0.0	0.0	0.0	0.0	0.0
WP_229407951	61.0	0.0	16.0	1.0	1.0	0.0	0.0	0.0	0.0	0.0	0.0	0.0	0.0	0.0	0.0	0.0	0.0	0.0	0.0	0.0	0.0	0.0	0.0	0.0	0.0	0.0	0.0	0.0	0.0
WP_230106028	3.0	1.0	11.0	10.0	183.0	17.0	102.0	12.0	92.0	175.0	520.0	0.0	269.0	396.0	308.0	20.0	12.0	392.0	864.0	8.0	1.0	45.0	27.0	713.0	89.0	432.0	81.0	8.0	8.0
WP_235229377	1.0	30.0	6.0	4.0	20.0	0.0	13.0	15.0	0.0	0.0	0.0	0.0	0.0	0.0	0.0	0.0	0.0	0.0	0.0	0.0	0.0	0.0	0.0	0.0	1.0	0.0	0.0	2.0	0.0
WP_235336119	0.0	0.0	0.0	0.0	0.0	0.0	0.0	0.0	0.0	0.0	0.0	0.0	0.0	0.0	0.0	0.0	0.0	0.0	0.0	467.0	0.0	0.0	0.0	0.0	0.0	0.0	0.0	0.0	0.0
WP_237038280	44.0	0.0	0.0	0.0	0.0	0.0	79.0	0.0	0.0	0.0	0.0	0.0	0.0	0.0	0.0	0.0	0.0	0.0	0.0	0.0	0.0	0.0	0.0	0.0	0.0	0.0	0.0	0.0	0.0
WP_238726865	0.0	2.0	2.0	0.0	0.0	0.0	1.0	8.0	0.0	0.0	92.0	0.0	0.0	4.0	36.0	2.0	0.0	0.0	0.0	10.0	3.0	3.0	258.0	0.0	6.0	252.0	86.0	0.0	0.0
WP_242334730	0.0	0.0	0.0	0.0	0.0	0.0	0.0	0.0	0.0	71.0	0.0	0.0	0.0	33.0	0.0	0.0	23.0	0.0	0.0	59.0	57.0	144.0	168.0	0.0	72.0	610.0	16.0	429.0	32.0
WP_242655602	144.0	0.0	0.0	0.0	0.0	0.0	0.0	0.0	0.0	0.0	0.0	3.0	0.0	0.0	0.0	0.0	0.0	0.0	0.0	0.0	73.0	0.0	0.0	0.0	0.0	0.0	0.0	219.0	0.0
WP_242859246	0.0	0.0	0.0	0.0	0.0	1.0	0.0	2.0	36.0	0.0	0.0	0.0	0.0	0.0	0.0	0.0	0.0	0.0	0.0	1.0	0.0	0.0	28.0	0.0	0.0	1.0	0.0	0.0	0.0
WP_242960776	0.0	71.0	11.0	11.0	0.0	0.0	0.0	0.0	0.0	0.0	0.0	0.0	0.0	33.0	0.0	20.0	0.0	0.0	0.0	0.0	0.0	3.0	3.0	0.0	0.0	0.0	0.0	0.0	0.0
WP_242965037	17.0	49.0	31.0	16.0	38.0	90.0	14.0	16.0	162.0	0.0	0.0	0.0	0.0	0.0	0.0	0.0	0.0	0.0	0.0	6.0	4.0	5.0	0.0	0.0	5.0	0.0	5.0	2.0	3.0
WP_242980440	0.0	0.0	0.0	0.0	0.0	0.0	0.0	0.0	0.0	0.0	0.0	0.0	166.0	0.0	0.0	41.0	0.0	0.0	0.0	0.0	0.0	0.0	0.0	0.0	3.0	0.0	0.0	0.0	0.0
WP_243112607	0.0	0.0	0.0	0.0	166.0	1.0	0.0	2.0	1.0	0.0	0.0	0.0	0.0	0.0	0.0	0.0	0.0	0.0	0.0	1.0	0.0	0.0	0.0	0.0	0.0	1.0	0.0	0.0	1.0
WP_243134629	0.0	0.0	0.0	0.0	0.0	0.0	0.0	0.0	0.0	0.0	0.0	0.0	106.0	0.0	223.0	19.0	0.0	0.0	0.0	0.0	0.0	0.0	0.0	0.0	1.0	0.0	0.0	0.0	0.0
WP_244324806	9.0	28.0	5.0	3.0	0.0	0.0	0.0	0.0	0.0	0.0	0.0	0.0	0.0	0.0	0.0	0.0	0.0	0.0	0.0	1.0	0.0	0.0	0.0	0.0	1.0	8.0	0.0	2.0	1.0
WP_245820198	469.0	487.0	402.0	1351.0	42.0	945.0	59.0	115.0	209.0	0.0	0.0	0.0	0.0	0.0	0.0	0.0	0.0	0.0	0.0	280.0	90.0	0.0	0.0	0.0	0.0	31.0	294.0	720.0	192.0
WP_246223864	0.0	218.0	268.0	20.0	0.0	582.0	376.0	214.0	0.0	0.0	0.0	0.0	0.0	0.0	0.0	0.0	0.0	0.0	0.0	387.0	16.0	0.0	0.0	0.0	0.0	0.0	24.0	14.0	0.0
WP_249297427	2.0	0.0	3.0	30.0	0.0	0.0	0.0	35.0	101.0	0.0	0.0	0.0	0.0	0.0	0.0	8.0	125.0	0.0	0.0	0.0	0.0	45.0	0.0	0.0	22.0	0.0	1.0	0.0	0.0
WP_249304503	0.0	0.0	1.0	0.0	0.0	0.0	0.0	0.0	156.0	0.0	0.0	0.0	0.0	0.0	0.0	1.0	175.0	0.0	0.0	0.0	0.0	6.0	1.0	0.0	28.0	0.0	0.0	0.0	0.0
WP_249331814	0.0	0.0	0.0	0.0	0.0	0.0	0.0	2.0	7.0	157.0	7.0	0.0	0.0	167.0	0.0	0.0	0.0	0.0	0.0	0.0	0.0	0.0	13.0	0.0	0.0	0.0	0.0	7.0	0.0
WP_249332330	0.0	0.0	0.0	0.0	0.0	0.0	0.0	2.0	1.0	57.0	1.0	0.0	0.0	0.0	0.0	0.0	0.0	0.0	0.0	0.0	0.0	0.0	10.0	0.0	0.0	0.0	0.0	2.0	0.0
WP_249333157	0.0	0.0	0.0	0.0	0.0	0.0	0.0	4.0	9.0	130.0	5.0	0.0	0.0	0.0	0.0	0.0	0.0	0.0	0.0	0.0	0.0	0.0	22.0	0.0	0.0	0.0	0.0	3.0	0.0
WP_249388910	90.0	0.0	0.0	0.0	0.0	0.0	0.0	0.0	0.0	0.0	0.0	0.0	0.0	0.0	0.0	0.0	0.0	0.0	0.0	0.0	0.0	0.0	0.0	0.0	0.0	0.0	0.0	0.0	0.0
WP_251214447	0.0	211.0	27.0	14.0	0.0	432.0	0.0	146.0	0.0	0.0	0.0	0.0	0.0	0.0	0.0	0.0	0.0	0.0	0.0	2.0	2.0	0.0	0.0	0.0	0.0	0.0	18.0	6.0	0.0
WP_251316959	15.0	39.0	31.0	2.0	18.0	49.0	5.0	14.0	124.0	0.0	0.0	0.0	0.0	0.0	0.0	0.0	0.0	0.0	0.0	0.0	0.0	2.0	0.0	0.0	3.0	0.0	0.0	1.0	0.0
WP_251317632	13.0	2.0	11.0	16.0	36.0	36.0	18.0	14.0	92.0	0.0	0.0	0.0	0.0	0.0	0.0	0.0	0.0	0.0	0.0	5.0	3.0	3.0	0.0	0.0	0.0	0.0	4.0	0.0	1.0
WP_251318773	20.0	0.0	17.0	8.0	63.0	30.0	25.0	12.0	167.0	0.0	0.0	0.0	0.0	0.0	0.0	0.0	0.0	0.0	0.0	6.0	0.0	1.0	0.0	0.0	1.0	0.0	3.0	0.0	1.0
WP_251573888	0.0	32.0	6.0	95.0	25.0	0.0	26.0	0.0	0.0	0.0	0.0	0.0	0.0	0.0	0.0	0.0	0.0	0.0	0.0	0.0	0.0	0.0	0.0	0.0	0.0	0.0	0.0	0.0	0.0
WP_251619867	184.0	152.0	126.0	663.0	0.0	0.0	0.0	0.0	0.0	0.0	0.0	0.0	0.0	0.0	0.0	0.0	0.0	0.0	0.0	0.0	56.0	0.0	0.0	0.0	0.0	18.0	184.0	523.0	98.0
WP_251620484	292.0	230.0	224.0	909.0	0.0	0.0	0.0	0.0	0.0	0.0	0.0	0.0	0.0	0.0	0.0	0.0	0.0	0.0	0.0	0.0	126.0	0.0	0.0	0.0	0.0	33.0	371.0	778.0	51.0
WP_251622525	67.0	48.0	59.0	199.0	0.0	0.0	0.0	0.0	0.0	0.0	0.0	0.0	0.0	0.0	0.0	0.0	0.0	0.0	0.0	0.0	19.0	0.0	0.0	0.0	0.0	20.0	79.0	172.0	35.0
WP_251740478	0.0	0.0	0.0	0.0	0.0	0.0	212.0	0.0	0.0	0.0	0.0	0.0	0.0	0.0	0.0	0.0	0.0	0.0	0.0	137.0	0.0	0.0	0.0	0.0	0.0	0.0	0.0	0.0	0.0
WP_256010632	0.0	0.0	0.0	0.0	0.0	0.0	0.0	0.0	0.0	0.0	0.0	0.0	0.0	0.0	0.0	0.0	0.0	0.0	0.0	190.0	0.0	0.0	0.0	0.0	0.0	0.0	0.0	0.0	0.0
WP_262593809	0.0	0.0	0.0	0.0	0.0	0.0	0.0	3.0	0.0	0.0	0.0	0.0	0.0	0.0	0.0	0.0	0.0	0.0	0.0	8.0	0.0	0.0	173.0	0.0	0.0	1.0	18.0	0.0	0.0
WP_268114394	0.0	70.0	24.0	11.0	0.0	0.0	0.0	0.0	0.0	3.0	497.0	0.0	480.0	23.0	35.0	39.0	0.0	0.0	1199.0	0.0	0.0	3.0	0.0	1186.0	0.0	0.0	1.0	0.0	0.0
WP_269867769	0.0	0.0	0.0	0.0	0.0	0.0	0.0	0.0	0.0	0.0	0.0	0.0	89.0	0.0	149.0	11.0	0.0	0.0	0.0	4.0	0.0	1.0	1.0	0.0	1.0	0.0	46.0	0.0	0.0
WP_270388774	0.0	0.0	59.0	0.0	0.0	0.0	16.0	0.0	0.0	0.0	0.0	0.0	0.0	0.0	0.0	0.0	0.0	0.0	0.0	0.0	0.0	0.0	0.0	0.0	0.0	0.0	0.0	0.0	0.0
WP_270388776	0.0	0.0	119.0	0.0	0.0	0.0	26.0	0.0	0.0	0.0	0.0	0.0	0.0	0.0	0.0	0.0	0.0	0.0	0.0	0.0	0.0	0.0	0.0	0.0	0.0	0.0	0.0	0.0	0.0
WP_270388828	0.0	0.0	196.0	0.0	0.0	0.0	31.0	0.0	0.0	0.0	0.0	0.0	0.0	0.0	0.0	0.0	0.0	0.0	0.0	0.0	0.0	0.0	0.0	0.0	0.0	0.0	0.0	0.0	0.0
WP_270390162	0.0	0.0	222.0	0.0	0.0	0.0	43.0	0.0	0.0	0.0	0.0	0.0	0.0	0.0	0.0	0.0	0.0	0.0	0.0	0.0	0.0	0.0	0.0	0.0	0.0	0.0	0.0	0.0	0.0
WP_270391157	0.0	0.0	195.0	0.0	0.0	0.0	49.0	0.0	0.0	0.0	0.0	0.0	0.0	0.0	0.0	0.0	0.0	0.0	0.0	0.0	0.0	0.0	0.0	0.0	0.0	0.0	0.0	0.0	0.0
WP_270391162	0.0	0.0	150.0	0.0	0.0	0.0	38.0	0.0	0.0	0.0	0.0	0.0	0.0	0.0	0.0	0.0	0.0	0.0	0.0	0.0	0.0	0.0	0.0	0.0	0.0	0.0	0.0	0.0	0.0
WP_270391328	0.0	0.0	187.0	0.0	8.0	0.0	35.0	0.0	0.0	0.0	0.0	0.0	0.0	0.0	0.0	0.0	0.0	0.0	0.0	1.0	4.0	0.0	0.0	0.0	0.0	0.0	0.0	0.0	0.0
WP_270391452	0.0	0.0	105.0	0.0	0.0	0.0	18.0	0.0	0.0	0.0	0.0	0.0	0.0	0.0	0.0	0.0	0.0	0.0	0.0	0.0	0.0	0.0	0.0	0.0	0.0	0.0	0.0	0.0	0.0
WP_270391647	0.0	0.0	66.0	0.0	0.0	0.0	13.0	0.0	0.0	0.0	0.0	0.0	0.0	0.0	0.0	0.0	0.0	0.0	0.0	0.0	0.0	0.0	0.0	0.0	0.0	0.0	0.0	0.0	0.0
WP_270752703	0.0	69.0	0.0	0.0	11.0	28.0	0.0	0.0	0.0	0.0	0.0	0.0	0.0	0.0	0.0	0.0	0.0	0.0	0.0	0.0	0.0	0.0	0.0	0.0	0.0	0.0	0.0	0.0	0.0
WP_271012610	0.0	0.0	0.0	0.0	0.0	0.0	0.0	0.0	0.0	0.0	0.0	0.0	0.0	105.0	0.0	0.0	0.0	0.0	0.0	0.0	0.0	0.0	1.0	0.0	0.0	0.0	0.0	0.0	0.0
WP_277781228	0.0	57.0	0.0	62.0	29.0	0.0	2.0	0.0	0.0	0.0	0.0	0.0	0.0	0.0	0.0	0.0	0.0	0.0	0.0	0.0	0.0	0.0	0.0	0.0	0.0	0.0	0.0	0.0	0.0
WP_281873581	350.0	0.0	0.0	72.0	41.0	60.0	66.0	25.0	0.0	0.0	0.0	0.0	0.0	0.0	0.0	0.0	0.0	0.0	0.0	10.0	48.0	2.0	249.0	0.0	12.0	2.0	80.0	196.0	4.0
WP_289558336	0.0	0.0	0.0	0.0	0.0	0.0	0.0	0.0	0.0	0.0	0.0	0.0	0.0	0.0	0.0	0.0	0.0	0.0	0.0	46.0	0.0	0.0	0.0	0.0	0.0	0.0	0.0	0.0	0.0
WP_290249196	0.0	0.0	0.0	0.0	0.0	0.0	208.0	0.0	0.0	0.0	0.0	0.0	0.0	0.0	0.0	0.0	0.0	0.0	0.0	47.0	0.0	0.0	0.0	0.0	0.0	0.0	0.0	0.0	0.0
WP_302041595	0.0	0.0	0.0	0.0	0.0	0.0	0.0	0.0	0.0	0.0	0.0	0.0	0.0	0.0	0.0	0.0	0.0	0.0	0.0	226.0	0.0	0.0	0.0	0.0	0.0	0.0	0.0	0.0	0.0
WP_302239938	0.0	0.0	0.0	0.0	0.0	0.0	0.0	0.0	0.0	0.0	0.0	0.0	0.0	0.0	0.0	0.0	0.0	0.0	0.0	143.0	0.0	0.0	0.0	0.0	0.0	0.0	0.0	0.0	0.0
WP_303300584	97.0	0.0	132.0	0.0	0.0	0.0	25.0	0.0	0.0	0.0	0.0	0.0	0.0	0.0	0.0	0.0	0.0	0.0	0.0	0.0	0.0	0.0	0.0	0.0	0.0	0.0	0.0	0.0	0.0
WP_307894003	0.0	51.0	0.0	1.0	17.0	17.0	0.0	0.0	0.0	173.0	0.0	0.0	0.0	22.0	0.0	77.0	16.0	360.0	16.0	0.0	0.0	0.0	0.0	0.0	0.0	0.0	1.0	0.0	0.0
WP_311500688	2.0	0.0	0.0	0.0	0.0	52.0	0.0	0.0	0.0	0.0	0.0	0.0	0.0	0.0	0.0	0.0	0.0	0.0	0.0	0.0	0.0	2.0	0.0	0.0	3.0	0.0	2.0	0.0	0.0
WP_317977589	0.0	0.0	0.0	0.0	0.0	0.0	0.0	0.0	0.0	0.0	321.0	0.0	289.0	0.0	60.0	0.0	0.0	0.0	708.0	0.0	0.0	0.0	0.0	707.0	0.0	0.0	0.0	0.0	0.0
WP_318064750	0.0	0.0	0.0	0.0	0.0	0.0	0.0	0.0	0.0	129.0	0.0	0.0	0.0	8.0	0.0	0.0	19.0	379.0	22.0	0.0	0.0	0.0	0.0	0.0	0.0	0.0	0.0	0.0	0.0
WP_318065414	0.0	0.0	0.0	0.0	0.0	0.0	0.0	0.0	0.0	160.0	1.0	0.0	0.0	18.0	0.0	1.0	23.0	435.0	12.0	0.0	0.0	0.0	0.0	0.0	0.0	0.0	0.0	0.0	0.0
WP_318066021	0.0	0.0	0.0	0.0	0.0	0.0	0.0	0.0	0.0	143.0	0.0	0.0	0.0	18.0	0.0	0.0	20.0	389.0	14.0	0.0	0.0	0.0	0.0	0.0	0.0	0.0	0.0	0.0	0.0
WP_318066034	0.0	0.0	0.0	0.0	0.0	0.0	0.0	0.0	0.0	186.0	0.0	0.0	0.0	17.0	0.0	0.0	16.0	389.0	23.0	0.0	0.0	0.0	0.0	0.0	0.0	0.0	0.0	0.0	0.0
WP_322200521	0.0	0.0	16.0	14.0	7.0	0.0	4.0	13.0	1.0	0.0	0.0	0.0	0.0	564.0	0.0	0.0	0.0	0.0	0.0	7.0	0.0	2.0	1.0	0.0	2.0	0.0	82.0	1.0	0.0
WP_328597208	8.0	31.0	15.0	10.0	0.0	0.0	0.0	0.0	0.0	0.0	354.0	0.0	237.0	0.0	59.0	50.0	0.0	0.0	628.0	0.0	0.0	14.0	10.0	591.0	0.0	161.0	0.0	1.0	0.0
WP_330640401	2.0	0.0	0.0	0.0	0.0	25.0	0.0	0.0	148.0	0.0	0.0	0.0	0.0	0.0	0.0	0.0	0.0	0.0	0.0	0.0	0.0	0.0	0.0	0.0	12.0	0.0	12.0	0.0	7.0
WP_338374713	0.0	0.0	0.0	0.0	0.0	0.0	0.0	0.0	0.0	0.0	0.0	0.0	0.0	0.0	0.0	0.0	0.0	0.0	0.0	429.0	0.0	0.0	0.0	0.0	0.0	0.0	0.0	0.0	0.0
WP_346823536	0.0	0.0	0.0	7.0	0.0	72.0	3.0	229.0	0.0	0.0	0.0	0.0	0.0	0.0	0.0	0.0	0.0	0.0	0.0	0.0	0.0	0.0	0.0	0.0	0.0	0.0	0.0	0.0	0.0
WP_348812127	0.0	170.0	0.0	0.0	0.0	0.0	0.0	0.0	0.0	0.0	0.0	0.0	0.0	0.0	0.0	0.0	0.0	0.0	0.0	5.0	5.0	0.0	0.0	0.0	0.0	0.0	21.0	22.0	0.0
WP_353330894	292.0	0.0	0.0	0.0	0.0	0.0	0.0	0.0	0.0	0.0	0.0	0.0	0.0	0.0	0.0	0.0	0.0	0.0	0.0	0.0	0.0	0.0	0.0	0.0	0.0	0.0	0.0	0.0	0.0
WP_371741508	0.0	0.0	0.0	0.0	0.0	0.0	179.0	0.0	0.0	0.0	0.0	0.0	0.0	0.0	0.0	0.0	0.0	0.0	0.0	0.0	0.0	0.0	0.0	0.0	0.0	0.0	0.0	0.0	0.0
WP_377140618	0.0	0.0	0.0	0.0	0.0	0.0	0.0	0.0	0.0	0.0	0.0	0.0	0.0	0.0	416.0	0.0	0.0	0.0	0.0	0.0	0.0	0.0	0.0	0.0	0.0	0.0	0.0	0.0	0.0
WP_377141771	0.0	0.0	0.0	0.0	0.0	0.0	0.0	0.0	0.0	0.0	0.0	0.0	0.0	0.0	271.0	0.0	0.0	0.0	0.0	0.0	0.0	0.0	0.0	0.0	0.0	0.0	0.0	0.0	0.0
WP_390108768	21.0	68.0	21.0	12.0	0.0	0.0	0.0	0.0	0.0	0.0	0.0	0.0	0.0	0.0	0.0	0.0	0.0	0.0	0.0	0.0	0.0	0.0	0.0	0.0	0.0	2.0	0.0	1.0	0.0
WP_410554400	0.0	0.0	0.0	0.0	0.0	0.0	172.0	0.0	0.0	0.0	0.0	0.0	0.0	0.0	0.0	0.0	0.0	0.0	0.0	0.0	0.0	0.0	0.0	0.0	0.0	0.0	0.0	0.0	0.0
WP_416339356	0.0	0.0	0.0	0.0	0.0	0.0	0.0	0.0	0.0	0.0	0.0	0.0	0.0	0.0	0.0	0.0	0.0	0.0	0.0	294.0	0.0	0.0	0.0	0.0	0.0	0.0	0.0	0.0	0.0
WP_459833546	373.0	4.0	14.0	66.0	72.0	85.0	133.0	8.0	110.0	201.0	495.0	0.0	303.0	409.0	42.0	24.0	30.0	490.0	946.0	6.0	87.0	43.0	38.0	816.0	85.0	169.0	82.0	297.0	36.0
WP_464850602	1.0	0.0	86.0	0.0	122.0	11.0	91.0	0.0	90.0	181.0	376.0	102.0	300.0	45.0	58.0	19.0	17.0	469.0	807.0	0.0	0.0	1.0	38.0	702.0	7.0	24.0	8.0	1.0	6.0
sp_Q8A5P6_Q8A5P6_BACTN	0.0	0.0	0.0	0.0	0.0	0.0	0.0	1.0	9.0	216.0	14.0	0.0	0.0	0.0	0.0	0.0	0.0	0.0	0.0	0.0	0.0	0.0	34.0	0.0	0.0	0.0	0.0	10.0	0.0
sp_Q9L5W0_Q9L5W0_9BACT	0.0	116.0	110.0	140.0	29.0	0.0	32.0	0.0	0.0	0.0	0.0	0.0	0.0	0.0	0.0	0.0	0.0	0.0	0.0	164.0	0.0	0.0	0.0	0.0	0.0	0.0	0.0	0.0	0.0
